ra,dec,x,y,e1,e2,res,sigmae,rkron,extendedness,blendedness,psf_used,e1_sdss,e2_sdss,e1_psf_sdss,e2_psf_sdss,e1_hsm,e2_hsm,e1_psf_hsm,e2_psf_hsm,i_e1_psf_sdss,i_e2_psf_sdss,u_psf_mag,u_psf_magerr,u_cmodel_mag,u_cmodel_magerr,g_psf_mag,g_psf_magerr,g_cmodel_mag,g_cmodel_magerr,r_psf_mag,r_psf_magerr,r_cmodel_mag,r_cmodel_magerr,i_psf_mag,i_psf_magerr,i_cmodel_mag,i_cmodel_magerr,z_psf_mag,z_psf_magerr,z_cmodel_mag,z_cmodel_magerr,Y_psf_mag,Y_psf_magerr,Y_cmodel_mag,Y_cmodel_magerr,idn
303.09580052153086,-56.87351740660104,24250.43931328511,23468.38100870813,0.013337676413357258,-0.20385538041591644,0.49120354652404785,0.010477305389940739,2.9062061309814453,1.0,0.0,0.0,-0.0049607211041907545,-0.07712745866539956,-0.019593847161783723,0.024998707678630872,-0.0048868176527322345,-0.07717500627040878,-0.019630899652838613,0.02489669620990752,0.00817568146573917,0.04021012336557548,23.48262944061101,0.0602199692356941,22.977321339294118,0.057842314236377826,22.38736051479293,0.007689102560535256,21.900439131134416,0.007280794106193929,21.70411524309821,0.003750853957273406,21.26512925926601,0.003542113686363416,21.459926075895257,0.0039671559508290535,20.890787560821625,0.0037695713453591165,21.26330808468182,0.005772637643945613,20.829847189206156,0.005458989492020771,21.220514302452944,0.016194946323190126,20.771652459968973,0.015224994612888607,984296
303.08969572577905,-56.867346299006506,24296.15501528076,23552.82799449916,-0.15526100993156433,-0.7993655204772949,0.5349023342132568,0.007305617909878492,3.3224740028381348,1.0,0.0,0.0,-0.08397901652045199,-0.3689560267043193,-0.01888170396021431,0.02701943121783962,-0.08401918411254881,-0.36922475695610046,-0.018920077010989262,0.026917099952697723,0.00800273382733431,0.040422873405097,22.785987905713778,0.03208452261942337,22.452912461303686,0.031223634067537774,21.766887503123883,0.00494109970835578,21.268008574280785,0.004686138763924905,21.377655733100386,0.003075273238455279,20.841092559063682,0.0028779509704433487,21.245958892179182,0.003515260049809209,20.64261403870585,0.0033095421194325792,21.143919014959693,0.005072019304460159,20.624205007827456,0.004709950930030782,21.179271736013167,0.01621420019172638,20.668281827524805,0.014936274505163221,984361
303.08890478655695,-56.85344157716956,24302.18522534575,23743.155338315995,0.054248031228780746,0.24156838655471802,0.37804779410362244,0.023292312398552895,13.690106391906738,1.0,0.0,0.0,0.010058098670967398,0.11372252901367202,-0.01811793807145364,0.024602304718151172,0.010153487324714758,0.1136177629232407,-0.018161037936806727,0.02465423382818704,0.006418431793333036,0.04123593954917989,24.1813008295471,0.11375532082295979,24.017560314871698,0.11377388468531387,23.347701771165767,0.017244823732146745,23.076753825451018,0.01674025906441849,22.171786718719975,0.005550662740759503,21.884375480218342,0.005352819516503955,21.376690499478887,0.003752314613399098,21.03642103982737,0.0036300895030433457,20.986142456995143,0.00464114224411923,20.69112712548916,0.004492292615683058,20.879403927452863,0.012554528988215886,20.566762386040715,0.012093240490829821,984518
303.106920456798,-56.85279567255484,24167.398727791828,23752.104629809248,0.06462662667036057,-0.061172645539045334,0.713400661945343,0.011812026612460613,5.752978324890137,1.0,0.0,0.0,0.032570165206458425,-0.027505189752573458,-0.018040972303506392,0.02499397327674414,0.03361680358648284,-0.027733923867344776,-0.018083499744534517,0.025046832859516248,0.00597360061497326,0.04039730944946319,24.15489056715562,0.10698582644970235,23.654514990615723,0.10364558682476475,22.99125797415679,0.01290804781939442,22.23420935640497,0.011541260804061607,22.34680619180865,0.0065620828686585855,21.307308081250394,0.005633876304215442,22.133782644838114,0.006516486976753672,21.032751476209445,0.0055976904557899065,21.93670686356878,0.01066399580297516,20.916988187555845,0.009226662213075379,22.019004547485824,0.033653693561748,21.188796117949202,0.029815822052560798,984524
303.1229859736864,-56.849180576428665,24047.110884416597,23801.568306049776,0.19199272990226746,-0.7897489666938782,0.8532290458679199,0.010849644429981709,11.760489463806152,1.0,0.001021915037654142,0.0,0.15171709910912923,-0.5887356257445786,-0.016795436195999578,0.027589525200618973,0.148140400648117,-0.5924018025398253,-0.016839062795042974,0.02764942310750484,0.00523675770758443,0.04113319917605498,24.99987438839473,0.24398883093505394,24.186512009917468,0.26894962172321457,24.00062497624062,0.030080155502158104,21.74865431318775,0.02101496888103207,22.590413305220753,0.008054965016425223,20.377644871671365,0.005982178763897142,22.166510654906983,0.00668626086725319,19.9147235766996,0.005381400673236598,21.67519767404957,0.00804714632840178,19.554997767573838,0.0065876993114340745,21.572869122045194,0.02143415123587177,19.514360548540296,0.01891574531269494,984561
303.1086492473554,-56.845138984119274,24154.39715654879,23857.12072905057,-0.09339680522680283,0.0039031528867781162,0.6459393501281738,0.026766637340188026,10.74669361114502,1.0,0.0,0.0,0.6119985264603246,-0.2890610672343196,-0.01820288413643349,0.024886200235896813,-0.03874572739005094,0.027199996635317737,-0.017748404294252323,0.024902077391743584,0.005896559681737513,0.041512266679431496,26.06561298268153,0.6486178095556686,25.203185976540286,1.2490656495027148,24.298653463047046,0.041238315360732906,22.29975654305953,0.03402099440699553,23.188778914974268,0.013618026720210003,21.138430881747464,0.011002934483145252,22.877130942155638,0.012116366058346685,20.783792361158746,0.010471056552254578,22.592045452318974,0.018184444528724735,20.588279679746016,0.015650572914508498,22.460853210585913,0.04930268838335484,20.483147725055755,0.044055496782144425,984611
303.10286629934524,-56.84427563068081,24197.739284853833,23868.671964953603,-0.19627293944358826,0.13370946049690247,0.6673170924186707,0.07655148208141327,9.962284088134766,1.0,0.0502330098110656,0.0,0.6590722329386065,1.0972587317485225,-0.01769058557054352,0.024796507926726767,-0.14649358391761777,0.09994710981845847,-0.01772589795291412,0.024822978302836377,0.005848567848434149,0.040800539333696505,25.402591056675938,0.3663423753558784,22.894560967433502,0.3314626700819075,25.004167725397686,0.07683432241577506,21.977325699586565,0.05492086974198161,24.05913163989459,0.02960331627115139,20.860930222753908,0.018578777074679,24.015197288123726,0.03457285689220883,20.701722196755906,0.019331920750621852,23.62234223151673,0.046497945798115864,20.487383955211506,0.027957764552011197,23.893209782165727,0.18352145690965452,20.914246200906845,0.11377033290361517,984623
303.0813549073809,-56.8694085159685,24358.53865316617,23524.559895432576,0.12206805497407913,0.11893347650766373,0.525689959526062,0.0008395332843065262,5.241408824920654,1.0,0.008179216729092609,0.0,0.032128417557010104,0.05924500278309982,-0.02082621694652852,0.022368345642019408,0.032443240284919767,0.059289049357175876,-0.020865825936198103,0.022256024181842717,0.007374192078090426,0.039915730442857386,21.406847893286567,0.01017790460905201,20.774249453957147,0.009731459927830585,20.06865693339742,0.0024432615101724954,19.286455299135596,0.002382455823142374,19.136651864433233,0.001315347487820495,18.339512965410105,0.0012922692699582864,18.758045242188754,0.002123651298596411,17.891769549581653,0.0021139900433706877,18.4664937149056,0.0013206673973739657,17.663616099213577,0.0012988308283484306,18.421584441782606,0.0016173968272455016,17.644396625336235,0.0015248200574011863,1004475
303.06964169027435,-56.87021312846919,24446.15891903871,23513.477132841595,-0.44043660163879395,0.049592141062021255,0.7168130874633789,0.018206777051091194,5.860739707946777,1.0,0.10494661748078604,0.0,-0.3077259286515964,0.04226723593802041,-0.02091009432746097,0.02203893318362017,-0.3068927824497222,0.04272520169615746,-0.02093386650085454,0.022006686776876432,0.008117625345020946,0.038958746596714146,23.609427674582335,0.06862611386699392,22.5433688328667,0.05980602229008456,23.587812350426834,0.023863730850212476,22.733723686666632,0.019392659548383023,22.760971470776116,0.00924911175204259,21.93321828764056,0.007846246496775452,22.522334211481745,0.008870907955677318,21.584712099862056,0.007420439866442769,22.16376471918026,0.01299653339974623,21.223584293266363,0.011027814805474675,22.04337030916619,0.03562127897643129,21.15478058093529,0.029292978604178007,1004498
303.08963138950696,-56.87305076317441,24296.59097586557,23474.743772312057,-0.06052396446466446,0.08284948766231537,0.6846023201942444,0.01771371066570282,5.455904483795166,1.0,0.006164758074888477,0.0,-0.04665723627039518,0.05911995308183012,-0.0196180285757272,0.024885779414682202,-0.04618258029222492,0.05912268534302708,-0.019655132666230316,0.024783408269286225,0.00832251374022918,0.03971745625126429,24.262462532933384,0.12431364704241885,23.618908336610943,0.10338912298591196,23.349799137837834,0.01777319978378898,22.499453147739136,0.015483103354419403,22.725917607221657,0.00887862256999697,21.843408030794425,0.007779361989402402,22.537170117375208,0.009127951948692101,21.47759108415532,0.007861421919444101,22.302018804396894,0.014211639529968836,21.27254376754108,0.012251137654979882,22.342744558421703,0.04726840813088473,21.224806119194,0.04571440217790886,1004499
303.0682086723713,-56.86979433380858,24456.884625877996,23519.200206174806,0.43332257866859436,0.2888157367706299,0.8956459760665894,0.023851076140999794,10.661407470703125,1.0,0.27009079845747086,0.0,0.3638088546464103,0.2535770281504628,-0.02090352516251385,0.02200633013876995,0.3618871271610259,0.2540844678878783,-0.0209272243082524,0.021974105387926164,0.00812360239042598,0.03895642249350719,24.861709345996978,0.21732190459983902,22.79989582685054,0.1621246216934089,24.38274190497952,0.04774430803220077,22.54476699246891,0.03663824466126786,23.614130565551374,0.019907125647680466,21.921157861030238,0.012692480615872812,23.510651541316193,0.021144945320068713,21.650640617176165,0.012858781071206549,23.41560528523458,0.04037776967546351,21.958296520942962,0.032181540351473435,23.16134723918853,0.09803176339959135,20.77158510451672,0.0680015649633284,1004514
303.04676684995513,-56.87226410067711,24617.254471520526,23485.224878807996,-0.7923505306243896,-0.5001700520515442,0.9339191913604736,0.001374506508000195,6.980216026306152,1.0,0.03110087977879039,0.0,-0.7282599115640555,-0.4554757027039364,-0.019519261229674394,0.02280357019233845,-0.7279829978942873,-0.4559757709503172,-0.01948812976479538,0.022653311491012556,0.008239885607953922,0.039910253073055076,21.987195822223164,0.015548008620865738,20.679561477924686,0.010873803559080518,21.179060160285125,0.0033937352942342396,19.585769071478854,0.0026531986820680113,20.576176602277602,0.001839762825688952,18.98568064243834,0.0014775892527603535,20.326944349203153,0.0024320023234018044,18.625871668061333,0.0022134047090426007,20.028001052292343,0.002182527197532444,18.47545683132123,0.0016832874007171672,19.958533028333456,0.005148468089078673,18.392771322539787,0.0034010050109830655,1005753
303.04591750958525,-56.87367739857985,24623.584541902124,23465.87164123452,-0.3529834449291229,-0.18713852763175964,0.830390453338623,0.008046149276196957,8.107726097106934,1.0,0.38524545328597715,0.0,-0.28312621553660694,-0.13291115209557952,-0.018902419120775074,0.02359638544598119,-0.2819979786872864,-0.13094000518321985,-0.01893815211951722,0.023489361628889927,0.008412795776611243,0.0407181523139082,23.960154256963172,0.09275932256726822,23.165072555975815,0.08848998777787676,22.923677024895046,0.012339390546246966,21.626384300145368,0.009141939192631326,22.247418908921002,0.0060188498276813815,20.939013357073314,0.004514197919774415,22.09163421249374,0.0062185885669714435,20.424249682621642,0.004628782722603953,21.846108589111083,0.009407897667302134,20.12332134871881,0.0068564830581807675,21.875409049981137,0.02870261433811374,19.898860711605664,0.020307601867514333,1005757
303.10738757049336,-56.86926343666176,24163.781585482397,23526.645521674327,0.0279456228017807,0.11601252853870392,0.7444308400154114,0.010108822956681252,21.526859283447266,1.0,0.0,0.0,0.01752310533925314,0.09023928626087581,-0.019995414818110166,0.02519612426781927,0.017450680956244476,0.09029292315244683,-0.020033281296491717,0.025093469768762654,0.0076961731506444645,0.040021283425518216,23.891708578219042,0.08794048394619584,23.241626240970458,0.07985539932511365,22.910605847310034,0.012588373429733736,21.97788695870282,0.010479953730607509,22.259890968586866,0.005902212537618884,21.296743633031713,0.004919419477464839,22.094050201260078,0.0062790295606354515,20.996588344515175,0.005137114546024387,21.865986168237264,0.009879361294370623,20.89930257315405,0.008234507608073724,21.933769975173906,0.03129234532297447,20.93177561330172,0.025711183265814636,1005913
303.11719089616275,-56.86670859712063,24090.446096072017,23561.635076950468,0.3128508925437927,-0.3336957097053528,0.5757043957710266,0.008610671386122704,4.046176433563232,1.0,0.0031520829226093783,0.0,0.15521600236190694,-0.1636489876352952,-0.02009809987538929,0.025704853990554718,0.1551802158355713,-0.16364224255084986,-0.020135404542088522,0.02560720033943652,0.0074986873846953,0.04112285831818938,23.8901087991722,0.08578219011557596,23.559486619996402,0.08324311397959729,22.886223056819826,0.012126088798354358,22.389657483689813,0.011267732373943035,21.673866761678568,0.003627963434430884,21.134348393406732,0.0033214088955470307,21.264952567776117,0.003451711354542797,20.64894262029974,0.0032225224546472814,20.865311172857965,0.004182236540370226,20.342006476801973,0.003892010042802605,20.871967689889562,0.011506996916851094,20.289952452343368,0.010690449625286827,1006161
303.0940648940421,-56.86311280699558,24263.49615878813,23610.794878467022,0.38764771819114685,0.20676293969154358,0.7771499156951904,0.0021650530397892,5.45631742477417,1.0,1.243211139012601e-05,0.0,0.25956751088219615,0.15442899934644996,-0.020032697722851024,0.02528598586265897,0.2599004805088044,0.1549394726753235,-0.020070219412446116,0.0251869019120932,0.007670789252087748,0.039999285715980576,22.563831072622623,0.025987698381229125,21.812312152639766,0.022501509487193233,21.756810643427084,0.004739238703246365,20.74376070885215,0.003988933305603442,20.65031166186892,0.0019417962507076775,19.590932977384945,0.0016943430904762886,20.29714722650972,0.002432455566678218,19.03677425170825,0.00229602285298387,19.89866874227154,0.0020749498733756253,18.763615118588923,0.0018241463056212742,19.866003362130925,0.004848984430521726,18.728512631849444,0.003980387485521421,1006166
303.1143311783575,-56.86265442720021,24111.854225548672,23617.12516324631,0.045161157846450806,-0.39941859245300293,0.389138787984848,0.00471618864685297,4.233092308044434,1.0,0.0,0.0,-0.003216165780617546,-0.08792408828890977,-0.01998177431509777,0.025669195122890065,-0.0033277743496002068,-0.08812472969293597,-0.02001887373626244,0.02557142078876498,0.007405663422591506,0.041167466344643515,24.09791964449914,0.10683744018634331,23.915104402147872,0.10530373861191178,22.29874039381256,0.007318179490439872,21.880344330587018,0.007114826769861566,20.622896574630737,0.0018979043186386324,20.18581749796211,0.0018464076185935785,20.090092295818906,0.002344518412472275,19.603440530906333,0.00231958648054991,19.771167244326165,0.001960565692861628,19.333323277059787,0.0019147653805599086,19.686073297657153,0.004048416661063558,19.22881744810718,0.003917884321005973,1006307
303.07860549297345,-56.8559595687843,24379.244451516275,23708.637102264256,0.20177283883094788,0.10585577040910721,0.5322390198707581,0.0006069682422094047,4.856291770935059,1.0,0.00021990984594311147,0.0,0.0748660981296692,0.05809590516646017,-0.019234920077747453,0.02211108907400362,0.07493792474269864,0.058242846280336324,-0.019280761480331508,0.022159591317176836,0.008465845523972174,0.04073257931778832,20.867178074062068,0.006884014549464203,20.27483440350992,0.006692856427999373,19.545438267234385,0.0022654212111696843,18.82726363338389,0.0022343310377142774,18.715653002073807,0.0012768880127940546,17.99535668789973,0.0012617641505309775,18.401426734967885,0.002108676072451814,17.592794768515372,0.002102002082714941,18.09554553273693,0.0012855484854419298,17.357998466355294,0.0012694044697208245,18.02726692629559,0.0012841489187649315,17.26292078550058,0.0011977606316082383,1006451
303.08383384595476,-56.858326387374746,24340.094030180913,23676.267142426004,0.030544843524694443,-0.017585067078471184,0.6635037064552307,0.0009610698325559497,6.404841899871826,1.0,0.0006119140800989742,0.0,0.007066480974329209,0.0033352995677821255,-0.020570265126209887,0.022758789058179466,0.0074711642228065655,0.003159344429150217,-0.020608864724636067,0.02265127748250961,0.007865917729572158,0.040640739114519014,22.26439003635547,0.019918331777126725,21.24991173800295,0.0184431157994914,20.946466467641358,0.003062736355339877,19.72783500564744,0.0028601245710717263,19.604126202613884,0.001405834472616862,18.358448814608074,0.001349174921083616,19.151963077886503,0.00215125647772379,17.817703715912558,0.002129199140418876,18.784615368808392,0.00141513873527637,17.541192626137466,0.0013612844327317052,18.68855120851061,0.0019097241722658479,17.42760370236608,0.0016994910777731985,1006452
303.0746972581572,-56.85383987352635,24408.51676578736,23737.62938823248,-0.026361562311649323,0.004396224394440651,0.19893483817577362,0.039882592856884,3.0418288707733154,1.0,0.00043063081356897737,0.0,-0.02091605060963731,0.018672574986455498,-0.01866662188212193,0.021886307719297133,-0.020350139588117766,0.018584523350000447,-0.018711170181632143,0.02193402126431471,0.0067490848051586306,0.04029007773078541,23.02354859411113,0.03875304825890271,22.92590645843586,0.03923269168127706,22.705935927187006,0.009755518631829694,22.582709191586595,0.00970977756115207,22.010572668690518,0.004980128486188031,21.877923574760132,0.004929063414419165,21.708410496121747,0.004747982592448916,21.54074283022555,0.0046816380115352945,21.62335688813871,0.00805316760805631,21.480553060701354,0.007956679316749534,21.623466222405725,0.023779370947035222,21.471701140463487,0.02362988337215935,1006455
303.04250955033206,-56.85470868096438,24649.40720370959,23725.487690600825,0.522028923034668,0.31001144647598267,0.7260736227035522,0.009456527419388294,3.97532320022583,1.0,0.015709808525999458,0.0,0.33128229786740054,0.20632990921903283,-0.01829303300837721,0.022244981293932122,0.3312474191188812,0.20673568546771998,-0.018334027379751355,0.022289877757430115,0.007626872244737027,0.040733960454306,23.877474595864307,0.08607650401557003,22.843968648892613,0.07410094183208674,22.833654066288393,0.010814238959862384,21.91727760744578,0.009285074852324228,22.152903885273023,0.005414519234938324,21.179915938457835,0.0046510888396964906,21.927510185156567,0.005360205765465655,20.78702316590856,0.0045826043278383854,21.68428423976005,0.008463310876557655,20.742791000610968,0.007141951348410693,21.64853639032995,0.024198109134688825,20.60215869544633,0.020285563282511025,1006606
303.0480317974798,-56.85019398929203,24608.150959850638,23787.336551909975,0.18954722583293915,0.22540012001991272,0.7660478353500366,0.00016510181012563407,8.375944137573242,1.0,0.0040286076409694616,0.0,0.10884165240780032,0.15315840068977976,-0.015907456485483886,0.024895269042183792,0.1098552718758582,0.15314938127994526,-0.015946593135595367,0.02494602836668493,0.006828463281015945,0.04084726670992622,20.104134536849926,0.005083476478907964,18.70924012324663,0.004878769254784385,18.78323569362072,0.0021644471385777356,17.16051635583181,0.0021434119574159157,17.942818818087197,0.0012376364481725506,16.297530688424136,0.0012248004297190978,17.64321482030002,0.0020929068105726627,15.888776719750227,0.0020878344813905062,17.308016686436552,0.0012306925932875161,15.645220769966526,0.0012191283857598803,17.22949593129836,0.0009002244336333262,15.540647442152109,0.0008253447698287325,1006698
303.0506463219234,-56.8518628315474,24587.35189608061,23765.105823433885,0.2954513430595398,0.24640275537967682,0.8081786036491394,0.002117116702720523,9.625718116760254,1.0,0.6616111665176967,0.0,0.18288733360601678,0.2081874526858256,-0.017700267517547084,0.022601729787455976,0.18746131658554083,0.21288391947746282,-0.017739644274115663,0.022646060213446707,0.006881405428665885,0.040767959071372054,24.51472972160726,0.15017799221622857,24.358767136443973,0.1503821397398655,21.978012970693857,0.0054676875121807515,21.475863558421647,0.005035602026377634,20.865482468202597,0.002322225767912914,20.379657339736518,0.0021938504975765505,19.772974200217348,0.0022702644524883143,19.29110582080334,0.0022510058199169698,19.212967702567905,0.0015808420872677157,18.78164267405437,0.0015561836002458826,19.05784547535586,0.002562500309344752,18.61684243328368,0.0025002326710216864,1006699
303.0513429866494,-56.85173287108888,24583.34227002601,23766.300890714658,0.2841433882713318,0.02396000549197197,0.6955179572105408,0.0010926973773166537,6.982424736022949,1.0,0.26089372519485166,0.0,0.15165127438200537,0.025528559103592467,-0.017697768903670575,0.02261733661278074,0.15274320542812359,0.025796551257371916,-0.01773694343864909,0.022662127390503734,0.006754697693774335,0.040880370569699016,21.648845959944325,0.011585948014489004,20.54017919671067,0.01042207508439542,20.60193814306327,0.0026481442828861106,19.320958907831074,0.0025115265154649806,19.818649430064507,0.0014815343738620271,18.505669678005102,0.0014017841370315457,19.541387023532536,0.0022045985206761154,18.116627987486822,0.0021633199910653183,19.25296352002937,0.0015789552092838638,17.90046849712999,0.0014718080623829636,19.20340735077929,0.0028161922363932187,17.83134744637285,0.0023928414225399715,1006701
303.045250569517,-56.849326594940806,24628.983396794367,23799.18444652472,0.8151496648788452,-0.23063340783119202,0.9813438057899475,0.007470935583114624,59.115806579589844,1.0,0.843418920495938,0.0,0.02716206651090578,0.05833576170367364,-0.015878705657886752,0.024855573395338962,0.7850655913352965,-0.21944871544837954,-0.015917863696813517,0.024906748905778018,0.006393770251404707,0.04046337505585582,24.339851064127668,0.1314077835183406,21.841467588940382,0.13031460018159152,23.264356306200863,0.01540728795135006,20.269439155280576,0.009013966197112823,22.72510097716142,0.009544260198556313,19.905215245046655,0.0048801723340553636,22.624106600485504,0.009785948668428449,19.676105618647423,0.004713818363166523,22.27378176155544,0.01375592801638197,19.51458000746115,0.006408574353966922,22.163931508033535,0.03630654565420509,19.33740647365331,0.01576330054850349,1006702
303.11896637744326,-56.853453053201974,24077.189954227306,23743.082020240625,0.1102437674999237,0.6193987727165222,0.8845977187156677,0.012163003906607628,9.952300071716309,1.0,0.27887481743735043,0.0,0.08508325137916523,0.5056818079583645,-0.018454718116326773,0.025276087977402367,0.08458863943815217,0.511159837245941,-0.01849838718771927,0.025330090895295088,0.005817348138168217,0.042128521365553756,24.378387419029572,0.1359345332994515,23.732567840193088,0.16039825829713208,23.274099623235767,0.01663697302534932,21.544199071236093,0.013890782530022247,22.69545945009042,0.009022577515299487,20.929980481004492,0.0070648803279466195,22.52422666275736,0.008778002710855931,20.703114022234683,0.006620037254863298,22.28407072554885,0.014529328720255934,20.506950442108355,0.010900139760849354,22.639266041991252,0.05751540421139601,21.009908898506634,0.056746944820002906,1006769
303.11208421866405,-56.85389703032305,24128.69775051413,23736.99431257143,0.6975567936897278,-0.032974883913993835,0.6892861723899841,0.009968254715204239,3.3644447326660156,1.0,0.0011877843901112461,0.0,0.450232984514879,-0.011831600986020676,-0.01847623086595418,0.025100301372332913,0.45067155361175526,-0.012188392691314222,-0.018520316109061154,0.025154000148177192,0.006275218590293941,0.04147444020156665,23.201656459283843,0.04551439764376411,22.708771650128014,0.041929859351326225,22.763787790142537,0.010564269575241566,22.078456172616626,0.009304993755786807,22.013990031019436,0.004980825964608508,21.31097931852493,0.004376643743053506,21.895610676782645,0.005355136957170552,21.05870797527113,0.0047563677083112075,21.595828920221162,0.007924195248844459,20.852266918987386,0.007144899496331405,21.705588989176203,0.025261510993392605,21.01742604229943,0.02320206193490922,1006772
303.1030472861988,-56.85053101929195,24196.35137771878,23783.047396862195,0.5199329853057861,0.14960137009620667,0.635576069355011,0.0023822272196412086,5.145566940307617,1.0,0.16387028494511746,0.0,0.2538682998411517,0.08908972659121898,-0.01768175007665638,0.025146288659363865,0.2539961338043211,0.08911933004856108,-0.017723839730024407,0.0251994356513023,0.006014242056866954,0.04029180641046269,23.165441230581298,0.04579189160245077,22.368780835803786,0.041209967059093196,22.026457595403603,0.005604839526802541,20.941907265260124,0.004894621616539224,20.48996052406627,0.0018287803854177677,19.44600079741322,0.0017049427812769143,19.971315312853665,0.002310678106487005,18.86014490511722,0.002260567587812378,19.59247641304467,0.0018072237805113079,18.559829164087734,0.0017109927703157063,19.51015437661073,0.003656590566442972,18.46059021810633,0.0033542425241455676,1006966
303.1023451762387,-56.85013799873258,24201.010895496976,23788.358893544562,0.166269451379776,0.27109459042549133,0.7426842451095581,0.004501778166741133,5.484917163848877,1.0,0.44290076174132686,0.0,0.11316914705867286,0.17570428390283468,-0.01640949106234099,0.027100054706835533,0.11502061039209366,0.17728804051876065,-0.016451951116323603,0.027158649638295337,0.006013825000146309,0.04028803276465663,23.135700636744172,0.04427276956839217,22.600143065788554,0.040410250453790104,22.571808438361703,0.008647787757371699,21.783651358029136,0.007333160293465455,21.32821444446325,0.00297420461118613,20.518189839296568,0.002608485364112534,20.92359768534243,0.003018267967118887,19.980257878121822,0.0028006203491661476,20.517712938609545,0.003151254414125968,19.644472399813615,0.002846071831905839,20.46675652421122,0.008217097719216948,19.553481464670618,0.007393717292266803,1006968
303.095888341022,-56.84002791660884,24250.006914307265,23926.792650094147,-0.698694109916687,0.17330916225910187,0.9023550152778625,6.264523835852742e-05,11.435493469238281,1.0,0.05954036167801513,0.0,-0.5720736116116227,0.144865614248332,-0.017476122127221227,0.02561555070936764,-0.5738172531127931,0.14518633484840401,-0.017519254237413295,0.02567119896411891,0.006864667114302032,0.04558726970349885,19.326402272712723,0.0045199217336762895,17.260829068081268,0.004411307186551971,18.04998401332975,0.002140139643875933,15.72737289364311,0.0021255335959195643,17.219785650157004,0.0012229137181598863,14.895264354933511,0.0012150150394130575,16.94784578837957,0.0020882246327443583,14.488904938715496,0.0020845263322432973,16.576490749499374,0.0012158925291340158,14.22880333312029,0.0012091160286741586,16.47841413165988,0.0007927308836969013,14.088865251649317,0.0007435640857800162,1007187
303.0979291894356,-56.838168292560795,24234.73846823017,23952.25483553361,-0.2469681203365326,0.0054504843428730965,0.7161049246788025,0.00024685694370418787,7.389678478240967,1.0,0.1408915770330489,0.0,-0.15136193439689286,0.01081258402282611,-0.01734304140201517,0.028206614790099373,-0.15194116532802593,0.010620883665978912,-0.017382495105266533,0.028263673186302078,0.00771398819481651,0.04538519555751337,20.398160005720925,0.0056051846874115374,19.182531228121253,0.005294499674815873,19.079328023968433,0.0021950297496209437,17.66451277647723,0.00216490364612063,18.245493424675708,0.0012479594987959922,16.821297874983646,0.0012329446148653487,17.94362407347512,0.0020998527015450444,16.42052173413805,0.002092645440935101,17.58077222597856,0.0012440438481118952,16.146258319401024,0.0012292665201424561,17.482326500800365,0.0009939184184307949,16.010406059086918,0.0008995005408941593,1007188
303.0888176536711,-56.838995131288584,24302.954653751345,23940.900968150698,0.0337405689060688,-0.638267457485199,0.27058306336402893,0.0088790412992239,3.580235242843628,1.0,0.36559810398510995,0.0,-0.006112163741124931,-0.10986061005135277,-0.0176066857834973,0.02694589896792034,-0.005734680686145993,-0.11014946550130844,-0.017647011205554,0.027001401409506798,0.0070380094011752254,0.045031044273523356,22.89595531451739,0.036193051503744154,22.753294778699058,0.036682292741208516,22.209427495910166,0.006620550378935051,21.98315664963534,0.006490954598391887,20.81492011918668,0.0022425235334876015,20.595396715827437,0.0022058752509338435,20.268415487021457,0.0024957127689142784,20.021915499866807,0.002474173745837402,19.927689089362023,0.002134902472348203,19.71312374256121,0.0021082361614267017,19.7826911103727,0.004586456274426714,19.5709004048131,0.004504307748600923,1007192
303.1101817349148,-56.835220373503255,24142.9239786291,23992.814549161874,0.3889412581920624,-0.7321706414222717,0.45501238107681274,0.00794174987822771,5.52995491027832,1.0,0.6253352245959662,0.0,0.12800065231848248,-0.24092759535797165,-0.017287705915740883,0.028481134038681844,0.1283991783857346,-0.2411241978406907,-0.017326666042208637,0.028538614511489806,0.010080735679601214,0.04786946413991663,22.972547933217104,0.0396802852394971,22.103937047744278,0.034668113056553033,22.837597604461614,0.011854158031933388,21.87315428190634,0.010749800965514741,21.32474363766339,0.0031356771840598346,20.39402729966209,0.0029477908088388805,20.808144260160184,0.0031015124469084628,19.803258658954043,0.002983145933195428,20.42688460081281,0.003149719107634008,19.503631835375252,0.003020272403920297,20.169539695975537,0.006429487451713693,19.20700068268271,0.006084938736350262,1007193
303.0976543735538,-56.83714130369689,24236.802683188565,23966.311526268688,0.06539737433195114,0.5317366719245911,0.9729218482971191,0.0021367876324802637,26.653255462646484,1.0,0.8606894857079032,0.0,0.0435746022735177,0.5127879762305563,-0.01732828495666575,0.028226387791582416,0.05882165953516955,0.48490715026855463,-0.017366653308272292,0.028286751359701205,0.00841399308057482,0.04449035973683154,24.540060330731126,0.15936537675229057,22.32123474807628,0.17817725936379175,22.148742825722334,0.006599496987284939,19.269944703276813,0.004041451293042843,21.15195332017949,0.002783070775333805,18.13484540959649,0.0020021585748000565,20.798326506532895,0.003022554929695724,17.72555626387724,0.0025887527917741095,20.398535841377704,0.0030169760069259552,17.38457000405324,0.0022504458123225853,20.25428536115626,0.006952646501791822,17.207272809704673,0.004459252133135197,1007194
303.0944512269378,-56.84337006714281,24260.743446739245,23881.039201169027,-0.5147154331207275,0.15561765432357788,0.9916139841079712,0.029144033789634705,27.60174560546875,1.0,0.9864628366828279,0.0,-0.05242677336492114,0.0940915889675,-0.017668083104065136,0.024646494464710556,-0.4921121895313263,0.15540522336959836,-0.017710128799080738,0.024697553366422556,0.005950952659408612,0.04074070554990008,nan,754.350204799062,23.854492238471213,0.6903571166354187,25.794983886548437,0.1627174417862836,23.243709277641074,0.16906813432513149,24.117965464818557,0.032103962896000926,20.871411726431276,0.020209197379889132,23.039906764946856,0.014700238942388045,19.66160725235353,inf,22.531531082878764,0.017646821007369654,19.332358555885087,0.02298849364498045,22.040871760648884,0.033218481173762644,19.455131757089482,0.077183887853383,1007201
303.09874732581426,-56.842833320489945,24235.829699831014,23893.963629333288,-0.07841262221336365,0.02341458760201931,0.993492066860199,0.011113147251307964,53.9300537109375,1.0,0.9838865893095391,0.0,0.0008915262847398963,0.07254903556646784,-0.017641637000355283,0.02472313582578685,-0.07407687604427332,0.036458805203437764,-0.017683554440736785,0.024774543941020962,0.00585526840895032,0.040773563078507685,24.7003078007946,0.18788746419024696,21.308802561376137,0.13504594501430667,23.990980567449444,0.031017223182685016,19.99986841980886,0.01688482152231175,23.731673773221004,0.022492974726099044,19.787771614106415,0.008522692144871703,23.757065496208433,0.02767114897270533,19.609044976810182,0.009412190107563313,23.39496213103733,0.03920752751491517,19.514123892851053,0.012259812647267094,23.069193165812305,0.08572605989019876,19.127641221524833,0.028910384908927424,1007204
303.07893660307093,-56.84488352314516,24376.878241530554,23860.250195440396,0.3810221552848816,0.33557286858558655,0.5083357095718384,0.0003100612375419587,4.521082878112793,1.0,1.085230523678593e-05,0.0,0.1468326922002814,0.15282402234857387,-0.018154922648822205,0.02182676854591127,0.14690370857715596,0.15299843251705172,-0.018198288977145993,0.021873548626899605,0.0055257851006306445,0.04130647547783161,20.28347211542665,0.00536252571947481,19.780117241944044,0.0052885728441128136,18.806626133547564,0.0021739462684214356,18.18589810800441,0.002161948102181517,17.933164128514914,0.0012377613132225967,17.297143780288785,0.0012313872364311865,17.585803747588113,0.002093254593268747,16.873239633635997,0.0020905320981189648,17.27085454600354,0.0012307044992720185,16.61418750438306,0.0012250238978010913,17.174730320556627,0.0008939617669714391,16.505874138192755,0.0008598940262417841,1007253
303.0779517122333,-56.84578920158351,24384.367223003555,23847.822398579727,0.6168997883796692,-0.27610984444618225,0.5227612257003784,0.014625394716858864,3.7943782806396484,1.0,0.26268780175978745,0.0,0.2785196040141474,-0.11380134839437427,-0.018688464388159517,0.021869184125582145,0.27900987863540627,-0.11384622752666464,-0.018733039498329218,0.02191725373268124,0.006277464343995529,0.040305798366697294,22.717004407067865,0.02973470897670475,22.400196786465354,0.029839869954161945,22.378824473796964,0.007531461855572253,21.826937023995338,0.00710243194446076,22.086337575149283,0.005341369356712612,21.52241339072994,0.004966708789240183,22.03729282871634,0.006075661853386781,21.29394015197941,0.005561920388392203,21.94480268756373,0.010556447463234525,21.22261702524622,0.009620513105168621,21.924471403179904,0.02969452380128476,21.121072101092473,0.026497921847636927,1007254
303.0670440061125,-56.84327587961708,24465.928497501533,23882.18255758888,0.23365040123462677,0.41992348432540894,0.3099677860736847,0.022725054994225502,13.048796653747559,1.0,0.002481269391928831,0.0,0.04718622820028985,0.1262287614383794,-0.018089973966179763,0.021632401671952413,0.04823306947946547,0.12594841420650493,-0.018133381381630988,0.021678587421774927,0.006230870588665056,0.04015429638718683,24.107595294322984,0.10769681870392014,23.990520436286563,0.10853566567794427,23.515622751037778,0.020556712768951758,23.309512294798473,0.02011840813427703,21.954283458009662,0.00479923016282418,21.66197130623862,0.004701708355612875,21.081205972285527,0.0032433083020655803,20.747677167444607,0.003185158805004823,20.817764706439082,0.003973062404119713,20.515397983753097,0.003894209207481656,20.75280706895765,0.010076295371845963,20.44132319615971,0.009848590953683236,1007580
303.0696523673389,-56.84297608854701,24446.404562263175,23886.303584286266,-0.10448169708251953,0.3365388810634613,0.8782585263252258,0.010409099981188774,2.189178228378296,1.0,0.17395019721856142,0.0,-0.09312599547776422,0.2817858943422867,-0.018083512509098176,0.02168435856924304,-0.09415021538734429,0.2843572199344635,-0.018126741051673854,0.021730603650212243,0.006259083244378606,0.04038761122674124,24.06511441987661,0.10337889195031658,23.118652016806923,0.09407107594574306,23.249284422868627,0.01627864706703156,21.7656943700426,0.011320828681764613,22.57699086388618,0.008025962457005499,21.050442538073746,0.005500887698978119,22.43223066567098,0.008329477552120284,20.71669420503487,0.005519331905521541,22.155725592025146,0.01274545776876605,20.630304017080316,0.008850210472859959,22.406177540172898,0.046646023659514126,21.064104248353914,0.038768818761144894,1007581
303.05439495207594,-56.84042157181856,24560.668567031847,23921.15786804292,-0.3998599350452423,0.11203860491514206,0.66608726978302,0.0001396069274051115,6.127859115600586,1.0,0.0,0.0,-0.22967474918588335,0.07385300513667485,-0.017562915983155077,0.02351332455163542,-0.23001836240291593,0.07385019958019254,-0.01760251820087444,0.023559220135211955,0.007497621007897985,0.045122932270598604,19.87508431158461,0.004834492962382743,18.912749211091977,0.0047428877564661045,18.406190609942342,0.0021521423667272862,17.263287433406123,0.0021397875428920614,17.487603355646222,0.0012272201004648472,16.31989083636639,0.001221018024845428,17.11449659181041,0.002088961478351777,15.857450042510676,0.0020865019187250064,16.743473813592633,0.0012185438719113531,15.571293380524077,0.0012137910779700782,16.64693748810777,0.0008161533263721481,15.44717379970849,0.0007822799156788816,1007907
303.0464142067083,-56.83579683492085,24620.497801713205,23984.393246780055,-0.19416987895965576,-0.03537308797240257,0.61563640832901,0.0012040440924465656,5.116616249084473,1.0,4.0866546585638375e-06,0.0,-0.10769973973005799,-0.004766995495805815,-0.01675611849620891,0.02645185611429827,-0.10772462189197515,-0.004844626411795593,-0.016774265095591656,0.026426408439874687,0.009241461783821318,0.04515960017221137,21.61505811191292,0.011378591315175426,20.83742644794607,0.010753958911703375,20.446450236293703,0.0025875331858625753,19.54849051523662,0.0024867484147774593,19.698542215079136,0.0014193872224177754,18.76176759350056,0.0013680808172245233,19.42165788209628,0.0021875393338924415,18.390739930977233,0.0021594067494644484,19.15891171087271,0.001522384049856399,18.213292095875378,0.0014589111655085702,19.123444519756745,0.002554675082212202,18.158950077057174,0.00230460790560075,1007909
303.11392022983586,-56.82676405185036,24115.04040552049,24108.39959973956,0.24331901967525482,-0.22981837391853333,0.9481282830238342,4.9454698455519974e-05,18.238677978515625,1.0,0.24861120240756007,0.0,0.2006336049627205,-0.18908753589671493,-0.01835392023395851,0.03146766996121848,0.20047913491725927,-0.18900778889656059,-0.01839670725166811,0.0315334424376489,0.009353071675500643,0.046649652713501764,19.21105655158335,0.004500132173978384,16.356139770841132,0.004359326420691476,18.06715681528672,0.0021413515362623346,15.04477040002546,0.002123370076648636,17.20545254845238,0.0012239592698638586,14.159477528605509,0.0012138773562852287,16.933412907695285,0.002088217853478228,13.719964630669681,0.002083896162822009,16.503749008420282,0.001216427922856821,13.437186321116698,0.0012079925356860385,16.38012420806729,0.0007796034200869335,13.236889935571714,0.0007297669657150269,1011400
303.09177819131503,-56.83006397675457,24280.85524900356,24063.165171150747,0.15116684138774872,0.08164109289646149,0.3691907227039337,0.004041778389364481,3.8383331298828125,1.0,0.492544117349744,0.0,0.03180513409204975,0.04508794888160128,-0.01783524380237216,0.028519941250534035,0.031880822032690014,0.04511089622974396,-0.01787542924284942,0.028577858582139008,0.009205132814769541,0.04568519403367319,21.54612890218209,0.01206089427407997,21.262239529432165,0.01194712415814168,20.89306711288153,0.0031284077357548105,20.520023223248785,0.003049493226618357,20.32437902707968,0.0017830698124342184,19.959155297754773,0.0017363216531114975,20.178624523961254,0.002510145837691548,19.749026391104024,0.0024713433884110594,19.831806762300616,0.0021592211774132774,19.461863654026704,0.002104142373318076,19.48817004717002,0.0035670157347836738,19.120846424513203,0.0034003673349902465,1011420
303.0992547598571,-56.8243106032249,24224.896799518447,24141.946298482355,0.6953200697898865,-0.37441375851631165,0.6977097392082214,0.00686701200902462,8.022760391235352,1.0,0.7906522245781729,0.0,0.39871133180064516,-0.20660552484779163,-0.017651801754765266,0.03146225839238988,0.39858293533325184,-0.20696835219860066,-0.017692569643258965,0.031526923179626465,0.008084079265463914,0.040546573733905536,22.364158011157997,0.024780447533810823,21.941306560404232,0.025233308407736132,22.19379903411432,0.0068960274336738615,21.141456368544425,0.006119723794925176,21.80839993609326,0.004797963930680495,20.69563628350125,0.004130519551971708,21.751419439558852,0.005651264167514227,20.545550548241472,0.004849842994082552,21.491772766688683,0.007746381595876708,20.32383881541633,0.006583427318274989,21.09609015461502,0.014895973004626502,19.86881854500645,0.012322268114518168,1011432
303.1016264604219,-56.830296516078796,24207.09878360283,24060.017369994523,0.25528788566589355,-0.34524980187416077,0.6652231216430664,0.011366212740540504,9.093849182128906,1.0,0.862558456136883,0.0,0.11825951154163475,-0.14985682347325646,-0.017817603916357574,0.028640811751423342,0.1189711689949036,-0.14935754239559162,-0.0178575813770294,0.028699018061161062,0.00909244053409601,0.045806338709410345,22.807456792238956,0.03542448599861824,22.35745279172156,0.03816299753771439,22.81065481213917,0.01190119665171504,21.465086532339427,0.010588826687134598,22.364759712166464,0.007632069880119617,20.957879502753013,0.006512953493307402,22.22022592454563,0.008009950366994988,20.688559151414296,0.0067420896027320315,21.969840729586767,0.01165276084722604,20.511070484847778,0.009722938477445698,21.707013675375084,0.02558529669101919,20.193494375974428,0.020856425455387982,1011437
303.08583581925063,-56.834166888955856,24325.32281310445,24006.977240976288,-0.1990043818950653,0.6633701920509338,0.849987804889679,0.008104460313916206,12.189269065856934,1.0,0.001182385923478746,0.0,-0.15631163294150566,0.5021332316637347,-0.01782405362462726,0.0253954182721288,-0.15648053586483013,0.5067161917686464,-0.01786487363278869,0.025449102744460064,0.010056209772958763,0.04724399159083813,23.669610045894334,0.0779643381473513,22.75739622474803,0.06705653959399119,23.219961469489814,0.015295106762959932,21.961658855375084,0.011799523662515568,22.327540311283524,0.0063434557577384965,20.77187382004008,0.004832500627897755,22.239797101371696,0.007428033216087102,20.459446773640984,0.0056418836954895794,21.99402983308737,0.011104624701826736,20.256676925332584,0.008584256590126325,22.186315527382067,0.038699935464120025,20.968752112141573,0.03234783728997217,1011873
303.05022057980955,-56.83384303272839,24592.026608925247,24011.17106723336,0.11824517697095871,0.13184842467308044,0.7667657136917114,0.007975863292813301,4.079296112060547,1.0,0.00031001129847718634,0.0,0.07318669006967872,0.10028930629842717,-0.01764504068915962,0.02577298782628907,0.07306288182735443,0.10008144378662101,-0.01766436174511917,0.025745993480086275,0.01025509235024884,0.04711236733944425,23.691950983187894,0.07690247896729914,22.951386189671688,0.0662856590139935,22.76236403540956,0.010031680909806532,21.773963067500993,0.008411440510249122,22.06207676321244,0.005015462568465551,20.989449241043474,0.004150386873049881,21.836839384514114,0.005181269664396468,20.621458210593804,0.004320751372491356,21.612622416894645,0.007842541110566715,20.609590841247627,0.006622959180286262,21.62802621358515,0.023083232084711514,20.240234072208878,0.01963017292259973,1011898
303.0323607706231,-56.82387137822162,24725.961444252072,24147.49293308231,0.717505156993866,0.5167180895805359,0.7267594337463379,0.00919826328754425,3.5467774868011475,1.0,0.003302155697425535,0.0,0.5036212420596581,0.369613606944984,-0.01514049444158688,0.030670713763587806,0.5084871053695679,0.3747886717319488,-0.015176432207226758,0.030733678489923512,0.008626323895957725,0.04047652799217336,22.769941539724766,0.03454908623879789,22.22845014640096,0.03062843506512964,22.681478556165555,0.008984129510327754,21.96770457099383,0.007600069906962467,22.012746019615868,0.004846448640471105,21.30056139927218,0.0041620017227992755,21.848903441633468,0.005473354740702142,21.054253083271995,0.004708850096809658,21.77948216882434,0.009412859156488776,21.10283818427985,0.008415762294644807,21.629305309424392,0.023472073831629015,20.880706699714857,0.019887769485692104,1013000
