,r_cntr,object_id,ngood,flags,smss_j,RA,DEC,e_raj2000,e_dej2000,mean_epoch,nimaflags,class_star,u_psf,e_u_psf,u_petro,e_u_petro,u_apc05,e_u_apc05,v_psf,e_v_psf,v_petro,e_v_petro,v_apc05,e_v_apc05,g_band,e_g_psf,g_petro,e_g_petro,g_apc05,e_g_apc05,r_band,e_r_psf,r_petro,e_r_petro,r_apc05,e_r_apc05,i_band,e_i_psf,i_petro,e_i_petro,i_apc05,e_i_apc05,z_band,e_z_psf,z_petro,e_z_petro,z_apc05,e_z_apc05,self_dist1,self_id1
0,1.65,5384091,52,2,213512.14-010256.9,323.800577,-1.049202,65,125,57588.7519,12,0.302,,,,,,,,,,,,,18.7102,0.1084,18.3328,0.0515,19.5492,0.0254,17.5281,0.0886,17.0844,0.0311,18.4589,0.0182,16.7204,0.112,16.4649,0.029,17.7527,0.0151,16.3805,0.1366,16.2402,0.0321,17.4068,0.0132,1.72,2009100463.0
1,3.35,2009100463,8,0,213512.09-010258.6,323.800376,-1.049636,194,316,57306.9088,0,0.538,,,,,,,,,,,,,,,,,,,,,,,,,17.2602,0.192,17.6107,0.2888,17.7121,0.0562,16.873,0.1455,16.5646,0.1449,17.3193,0.0584,1.72,5384091.0
2,7.18,5384084,2,3,213512.58-010300.4,323.802401,-1.050108,46,36,57221.6553,0,0.542,,,,,,,,,,,,,,,,,,,19.8464,0.4026,21.1075,0.6228,20.2634,0.069,19.53,0.2333,19.2663,0.16,19.7059,0.1013,,,,,,,7.33,5384091.0
3,14.69,5384079,18,0,213511.39-010304.0,323.797475,-1.051124,69,61,57378.8735,0,0.813,,,,,,,,,,,,,,,,,,,19.9222,0.0734,19.21,0.0654,20.0099,0.0366,19.2936,0.0451,18.6926,0.1118,19.2769,0.0326,19.0175,0.0557,18.7775,0.1808,18.9445,0.0995,11.74,2009100463.0
4,20.87,5384092,6,3,213513.53-010249.2,323.806361,-1.047012,185,145,57171.295,0,0.52,,,,,,,,,,,,,,,,,,,20.3877,0.1438,19.8545,0.2266,20.5017,0.1107,19.7627,0.1481,19.3532,0.2545,19.8227,0.0844,,,,,,,4.01,5384093.0
5,21.84,5384085,4,0,213513.19-010311.8,323.804987,-1.053286,47,53,57135.646,0,0.484,,,,,,,,,,,,,,,,,,,20.8553,0.0695,21.0034,0.3472,20.8755,0.1178,20.0369,0.0182,20.2185,0.1003,20.1059,0.0997,,,,,,,14.75,5384084.0
6,22.9,5384094,30,0,213511.80-010233.7,323.79918,-1.042707,50,84,57563.9511,0,0.957,,,,,,,,,,,,,19.7211,0.0147,19.7233,0.0258,19.7208,0.016,19.5273,0.0112,19.6039,0.0411,19.5539,0.0146,19.3972,0.0149,19.4493,0.0462,19.4215,0.0313,,,,,,,7.25,5384095.0
7,24.12,5384093,6,3,213513.78-010250.6,323.807403,-1.047404,36,36,57172.6178,0,0.615,,,,,,,,,,,,,,,,,,,20.5723,0.0491,19.9513,0.1424,20.5048,0.0417,19.9795,0.0869,20.0622,0.1919,19.9769,0.1222,,,,,,,4.01,5384092.0
8,24.84,5384083,46,0,213512.15-010320.6,323.800636,-1.055737,51,88,57600.7991,7,0.677,,,,,,,,,,,,,20.2354,0.0494,20.1664,0.0493,20.2374,0.0271,19.0668,0.023,19.0174,0.0288,19.1004,0.0122,18.288,0.0425,18.1538,0.023,18.3314,0.0175,18.009,0.0437,17.9632,0.1018,17.9978,0.0194,15.0,
9,26.73,5384095,40,0,213512.18-010229.1,323.800729,-1.041418,36,75,57529.4276,0,0.973,,,,,,,,,,,,,20.6165,0.0395,20.6212,0.0717,20.6063,0.0445,19.5854,0.0176,19.6194,0.0403,19.5812,0.0183,18.4571,0.0137,18.4816,0.0313,18.4441,0.0159,18.0385,0.0147,18.1996,0.0395,18.0557,0.0211,7.25,5384094.0
10,26.85,5384096,2,0,213512.84-010230.9,323.803546,-1.041884,481,273,57225.6439,0,0.482,,,,,,,,,,,,,,,,,,,,,,,,,19.875,0.0716,19.9323,0.1572,19.8791,0.0815,,,,,,,10.28,5384095.0
11,34.67,5384081,10,0,213510.55-010231.7,323.793923,-1.042158,68,36,57157.0281,0,0.542,,,,,,,,,,,,,20.5173,0.0965,19.9268,0.2015,20.5762,0.0437,19.9099,0.1011,19.4278,0.1799,20.0196,0.0276,19.4571,0.1397,19.357,0.209,19.5243,0.0792,,,,,,,15.0,
12,39.11,5384082,57,0,213512.60-010334.5,323.802496,-1.059582,43,61,57554.2413,5,0.573,,,,,,,,,,,,,18.7696,0.0561,18.4896,0.0228,19.0229,0.0165,18.1448,0.0474,17.869,0.0173,18.3915,0.0075,17.712,0.0512,17.4276,0.0215,17.8829,0.0089,17.5618,0.0491,17.3093,0.0346,17.6142,0.0138,15.0,
13,39.56,5384078,1,3,213511.32-010333.2,323.797155,-1.059187,36,36,57250.5641,0,0.052,,,,,,,,,,,,,,,,,,,20.3651,0.2372,19.7993,0.1398,20.5142,0.092,,,,,,,,,,,,,5.49,5384077.0
14,39.96,5384080,1,0,213509.54-010257.3,323.789764,-1.049245,36,36,57250.5403,0,0.596,,,,,,,,,,,,,,,,,,,,,,,,,19.7473,0.0396,20.0277,0.16,19.8418,0.1208,,,,,,,14.16,5384076.0
15,42.22,5384133,1,1,213513.43-010217.9,323.805935,-1.038269,36,36,57250.5641,0,0.569,,,,,,,,,,,,,,,,,,,20.4187,0.1485,20.164,0.1273,20.4567,0.0873,,,,,,,,,,,,,8.69,5384132.0
16,43.86,5384088,12,0,213514.92-010311.6,323.812235,-1.053208,79,124,57262.1955,0,0.635,,,,,,,,,,,,,,,,,,,20.2915,0.0423,20.2124,0.0546,20.2774,0.0341,19.5322,0.0363,19.5271,0.0593,19.5032,0.0336,,,,,,,9.49,5384089.0
17,44.47,5384090,41,2,213515.15-010301.4,323.813114,-1.0504,72,76,57597.8769,1,0.647,,,,,,,,,,,,,20.3034,0.0683,20.1615,0.0864,20.4098,0.0313,19.349,0.0426,19.0077,0.0453,19.4765,0.0192,18.7316,0.0441,18.4362,0.0597,18.7687,0.0162,18.4554,0.0584,18.1545,0.0999,18.4799,0.0298,4.59,5384089.0
18,45.0,5384077,31,2,213511.15-010337.9,323.796445,-1.060536,36,151,57458.4117,2,0.681,,,,,,,,,,,,,20.9961,0.0691,20.6731,0.302,20.9299,0.082,19.6753,0.0287,19.4553,0.0436,19.758,0.0176,18.9965,0.056,18.6678,0.0927,19.0523,0.0306,18.7095,0.084,18.6466,0.1048,18.7298,0.0568,5.49,5384078.0
19,45.08,5384086,3,0,213514.47-010325.5,323.810287,-1.057082,145,149,57111.2957,0,0.494,,,,,,,,,,,,,,,,,,,20.7913,0.0198,20.9703,0.1094,20.7928,0.0683,,,,,,,,,,,,,11.34,5384087.0
20,47.59,5384132,124,0,213513.13-010210.2,323.804702,-1.036194,40,41,57670.8953,21,0.999,17.6545,0.0115,17.7075,0.0306,17.6715,0.0132,17.3262,0.01,17.3282,0.0153,17.3312,0.011,15.3841,0.0035,15.3841,0.0079,15.3815,0.0036,14.8605,0.003,14.8632,0.0042,14.8574,0.003,14.5491,0.0034,14.5627,0.0043,14.5492,0.0037,14.4348,0.0047,14.4563,0.006,14.4346,0.0052,7.84,2009100521.0
21,48.24,5384089,5,3,213515.37-010304.7,323.814036,-1.051282,67,56,57310.4202,0,0.601,,,,,,,,,,,,,,,,,,,20.4623,0.1062,20.3177,0.1012,20.4469,0.0623,19.9477,0.08,19.2651,0.3035,19.7564,0.0832,,,,,,,4.59,5384090.0
22,51.53,5384076,12,0,213508.85-010306.8,323.786877,-1.051916,79,122,57329.3352,0,0.683,,,,,,,,,,,,,,,,,,,20.1313,0.0829,19.8987,0.0986,20.0574,0.0504,19.5212,0.0258,19.4521,0.048,19.4985,0.0333,,,,,,,14.16,5384080.0
23,51.55,2009100521,0,0,213513.64-010209.0,323.806851,-1.035836,36,36,57250.5613,11,0.649,,,,,,,19.14,,19.6992,,19.3733,,,,,,,,,,,,,,,,,,,,,,,,,,7.84,5384132.0
24,54.52,5384137,25,3,213514.79-010217.4,323.811659,-1.038223,59,70,57503.8993,0,0.562,,,,,,,,,,,,,19.849,0.1921,19.7733,0.0793,20.3156,0.038,18.6486,0.0937,18.3346,0.0584,19.2074,0.0183,18.0354,0.1264,17.7633,0.0518,18.534,0.0334,17.6426,0.1467,17.5446,0.097,18.2118,0.0264,1.06,2009100526.0
25,55.15,2009100526,13,3,213514.78-010216.5,323.811613,-1.037932,36,384,57755.5668,3,0.639,,,,,,,,,,,,,19.8334,0.2933,19.6284,0.1031,20.3065,0.0628,18.6557,0.1103,18.3771,0.1079,19.1987,0.0303,18.3574,0.1969,17.8407,0.0897,18.6083,0.0464,17.7087,0.4178,17.8686,0.0918,18.3023,0.102,1.06,5384137.0
26,55.67,2009100512,0,16,213510.00-010211.0,323.791676,-1.036398,36,36,57990.5353,8,0.009,,,,,,,,,,,,,,,,,,,15.3933,,15.6798,,18.4954,,,,,,,,,,,,,,13.1,5384124.0
27,56.35,5384087,85,0,213515.10-010331.8,323.812888,-1.05886,49,63,57695.1975,6,0.987,,,,,,,,,,,,,17.9282,0.0057,17.9627,0.0098,17.9269,0.0053,16.9987,0.0037,17.0263,0.0076,16.998,0.0037,15.8875,0.0039,15.913,0.0062,15.8865,0.0043,15.4593,0.0052,15.4939,0.006,15.461,0.0058,11.34,5384086.0
28,59.36,2009100522,0,1024,213513.58-010200.1,323.806601,-1.033386,36,36,58006.3918,6,0.852,,,,,,,,,,,,,,,,,,,17.9485,,19.1019,,18.866,,,,,,,,,,,,,,8.87,2009100521.0
29,61.98,5384113,33,0,213516.28-010245.7,323.817849,-1.046043,48,66,57479.97,0,0.958,,,,,,,,,,,,,20.9619,0.037,20.8374,0.2086,20.9014,0.0573,20.0885,0.0152,20.1796,0.0433,20.1236,0.0264,18.7364,0.0105,18.8034,0.0249,18.7394,0.0157,18.1496,0.0194,18.2243,0.033,18.1593,0.0241,12.81,5384112.0
30,62.11,5384112,6,0,213516.35-010258.5,323.818097,-1.049594,111,124,57171.2943,0,0.595,,,,,,,,,,,,,,,,,,,20.3839,0.1193,20.383,0.0787,20.4578,0.0799,19.8527,0.1353,19.6218,0.093,19.8521,0.0757,,,,,,,12.81,5384113.0
31,63.89,5384124,51,0,213509.13-010211.4,323.788041,-1.036564,36,44,57733.2075,32,1.0,11.1224,0.0069,11.119,0.0064,11.1222,0.0073,10.6952,0.0096,10.6955,0.0095,10.6961,0.0097,9.8217,0.0071,9.8169,0.0065,9.829,0.0073,9.6482,0.0088,9.6433,0.0082,9.653,0.0086,9.6081,0.0102,9.6002,0.0095,9.6157,0.0101,9.6428,0.0188,9.6301,0.0186,9.6428,0.0194,13.1,2009100512.0
32,64.92,5384138,8,0,213514.41-010200.0,323.810024,-1.033309,126,211,57191.1053,0,0.575,,,,,,,,,,,,,,,,,,,20.7604,0.0232,20.8843,0.1268,20.7267,0.0508,19.9619,0.0461,20.1893,0.1364,19.9269,0.0688,,,,,,,12.32,2009100522.0
33,66.29,5384075,11,0,213507.79-010258.1,323.782452,-1.049465,108,108,57193.5323,0,0.729,,,,,,,,,,,,,,,,,,,20.2453,0.0369,19.9297,0.0596,20.2101,0.0323,19.5601,0.0442,19.3489,0.0681,19.5198,0.0363,,,,,,,5.35,5384074.0
34,71.3,5384074,2,0,213507.46-010300.3,323.781087,-1.050055,75,36,57045.6481,0,0.56,,,,,,,,,,,,,,,,,,,20.6508,0.0947,20.4117,0.1221,20.6669,0.0793,,,,,,,,,,,,,5.35,5384075.0
35,72.02,5384065,15,0,213508.84-010347.1,323.786805,-1.063084,98,36,57359.058,0,0.795,,,,,,,,,,,,,,,,,,,20.1194,0.0268,20.0902,0.0619,20.1311,0.0276,19.6178,0.0307,19.5167,0.1955,19.4746,0.0437,18.9317,0.1583,18.8262,0.1942,18.9265,0.1136,15.0,
36,72.72,5384134,9,0,213512.69-010143.6,323.802885,-1.028743,78,170,57192.1736,0,0.631,,,,,,,,,,,,,,,,,,,20.3623,0.0605,20.1017,0.0884,20.3499,0.0476,19.8266,0.0844,19.7609,0.1034,19.8107,0.0543,,,,,,,4.75,5384135.0
37,73.33,5384070,51,0,213511.96-010409.0,323.799851,-1.069186,45,71,57516.307,2,0.978,,,,,,,,,,,,,20.4323,0.0268,20.5176,0.0796,20.4887,0.0357,19.4687,0.012,19.5432,0.0238,19.4821,0.014,18.1928,0.0092,18.2285,0.025,18.2095,0.0143,17.6878,0.0157,17.7508,0.0309,17.7048,0.0201,11.64,5384069.0
38,73.68,5384072,31,2,213515.69-010347.7,323.815383,-1.063263,54,48,57521.232,2,0.65,,,,,,,,,,,,,20.5389,0.0753,20.2635,0.1255,20.5592,0.0748,19.4616,0.0552,19.1236,0.0498,19.5966,0.0214,18.8678,0.059,18.5589,0.0544,18.906,0.0241,18.5327,0.0682,18.4979,0.1397,18.5512,0.0323,4.82,5384102.0
39,73.88,5384135,1,0,213512.40-010142.1,323.801631,-1.028333,36,36,57250.5641,0,0.398,,,,,,,,,,,,,,,,,,,20.6309,0.2384,20.3309,0.137,20.7549,0.1132,,,,,,,,,,,,,4.75,5384134.0
40,74.42,5384136,2,0,213513.71-010144.8,323.807182,-1.029159,233,238,57250.5543,0,0.464,,,,,,,,,,,,,,,,,,,,,,,,,20.0176,0.0276,20.4549,0.1742,20.2014,0.1195,,,,,,,15.0,
41,75.83,5384161,22,0,213516.21-010209.7,323.817586,-1.036038,60,76,57446.0204,0,0.912,,,,,,,,,,,,,,,,,,,20.3013,0.0302,20.3027,0.05,20.3186,0.0354,19.0884,0.0179,19.0826,0.0517,19.088,0.0238,18.6854,0.0233,18.716,0.104,18.6674,0.0445,15.0,
42,76.83,5384109,67,0,213516.93-010325.7,323.82052,-1.057152,36,51,57588.7766,8,0.748,,,,,,,,,,,,,18.4651,0.0374,18.3163,0.0122,18.6037,0.0071,17.8252,0.0346,17.6856,0.021,17.9648,0.0064,17.3392,0.0325,17.1712,0.0131,17.4227,0.0066,17.0728,0.0342,16.8607,0.0307,17.1107,0.0107,15.0,
43,77.05,5384102,1,1,213516.02-010347.5,323.816721,-1.063213,36,36,56840.7321,0,0.578,,,,,,,,,,,,,,,,,,,20.4916,0.2477,20.397,0.118,20.6094,0.1154,,,,,,,,,,,,,4.82,5384072.0
44,78.07,5384073,24,0,213507.83-010338.2,323.782637,-1.060604,36,64,57362.1862,0,0.888,,,,,,,,,,,,,20.9602,0.0844,21.0425,0.2319,20.997,0.0747,19.918,0.0282,19.9549,0.0412,19.9062,0.0223,19.3129,0.0189,19.2091,0.0644,19.2044,0.0383,18.8236,0.0379,18.7405,0.0656,18.8163,0.0435,11.25,5384064.0
45,79.6,5384103,93,0,213516.53-010341.8,323.818885,-1.061648,41,48,57686.5616,7,0.984,,,,,,,19.3487,0.0409,19.3353,0.1161,19.3667,0.0454,17.2335,0.0046,17.2505,0.009,17.2311,0.0046,16.6415,0.0043,16.6599,0.007,16.6408,0.0035,16.2797,0.0044,16.3074,0.0086,16.2827,0.0047,16.143,0.0058,16.1917,0.0078,16.1453,0.0067,9.61,5384102.0
46,81.12,2009100509,0,16,213507.87-010207.2,323.7828,-1.035361,36,36,57990.5527,2,0.361,,,,,,,,,,,,,19.4857,,19.9584,,20.4794,,,,,,,,,,,,,,,,,,,,15.0,
47,83.9,5384069,1,0,213512.28-010419.9,323.801154,-1.072144,36,36,57250.5641,0,0.496,,,,,,,,,,,,,,,,,,,20.804,0.0929,21.477,0.2783,21.0235,0.1435,,,,,,,,,,,,,11.64,5384070.0
48,85.37,5384125,8,17,213508.41-010151.9,323.785176,-1.03105,69,36,57402.2684,0,0.41,,,,,,,,,,,,,,,,,,,19.6809,,19.7863,,19.6602,,18.8955,0.075,18.5326,0.1084,18.9386,0.0279,18.7016,0.0921,18.163,0.2116,18.534,0.1223,15.0,
49,85.4,5384064,30,0,213507.77-010349.3,323.782378,-1.063719,65,85,57536.8469,1,0.953,,,,,,,,,,,,,19.8362,0.0115,19.9348,0.0298,19.8367,0.0245,19.6199,0.0115,19.7359,0.0251,19.6195,0.0158,19.5012,0.0292,19.6042,0.0523,19.5388,0.0344,,,,,,,11.25,5384073.0
50,85.67,5384130,4,0,213510.92-010132.4,323.795537,-1.025647,253,49,57133.6506,0,0.612,,,,,,,,,,,,,,,,,,,20.6772,0.0407,20.7829,0.099,20.63,0.0513,,,,,,,,,,,,,13.89,5384131.0
51,85.78,5384010,9,0,213506.68-010233.9,323.777822,-1.042733,73,37,57192.1736,0,0.65,,,,,,,,,,,,,,,,,,,20.4623,0.0375,20.0663,0.2079,20.4337,0.0391,19.9237,0.0352,20.1151,0.1019,19.9133,0.0598,,,,,,,15.0,
52,88.9,5384129,31,0,213509.70-010135.4,323.790418,-1.026461,36,82,57533.0155,0,0.538,,,,,,,,,,,,,20.2215,0.2424,19.9817,0.1087,20.4,0.0601,19.276,0.0468,19.0222,0.0754,19.3546,0.0133,18.4485,0.0643,18.176,0.0361,18.5979,0.0142,18.2105,0.0766,17.8372,0.1353,18.3097,0.0509,15.0,
53,89.56,5384062,19,0,213511.12-010423.8,323.796306,-1.073299,71,104,57490.9577,3,0.814,,,,,,,,,,,,,20.2882,0.0271,20.4363,0.0578,20.3191,0.0448,20.0412,0.0283,20.1514,0.0494,20.0792,0.0317,19.9042,0.0281,20.0869,0.1087,19.9743,0.0659,,,,,,,15.0,
54,91.0,5384114,56,0,213517.78-010219.9,323.824095,-1.038882,42,59,57531.7379,5,0.98,,,,,,,,,,,,,19.6459,0.0097,19.64,0.0252,19.6633,0.0148,18.7979,0.0065,18.8491,0.0159,18.8077,0.0085,17.9845,0.0063,18.0332,0.0205,17.987,0.0091,17.6191,0.0094,17.653,0.0234,17.6408,0.014,15.0,
55,92.63,5384063,7,0,213508.31-010407.8,323.78464,-1.068821,36,61,57182.6152,0,0.547,,,,,,,,,,,,,,,,,,,20.7018,0.0294,20.7422,0.0693,20.6723,0.0538,19.8843,0.0443,19.8358,0.0951,19.8604,0.0637,,,,,,,15.0,
56,93.48,5384008,3,0,213506.17-010319.6,323.775736,-1.055425,85,78,57111.2957,0,0.55,,,,,,,,,,,,,,,,,,,20.8745,0.0616,20.9192,0.1282,20.871,0.1312,,,,,,,,,,,,,13.11,5384007.0
57,93.53,5384142,19,0,213515.62-010137.7,323.815098,-1.027108,36,102,57434.3681,0,0.843,,,,,,,,,,,,,20.7418,0.0285,20.8589,0.1092,20.7381,0.0498,19.9785,0.0351,19.9855,0.043,19.9929,0.0344,19.6846,0.0734,19.6151,0.1045,19.6828,0.0671,,,,,,,12.67,5384141.0
58,94.24,5384110,15,0,213518.18-010325.5,323.82571,-1.057084,133,141,57479.993,0,0.682,,,,,,,,,,,,,20.5084,0.1238,20.3081,0.1509,20.575,0.0521,19.8705,0.0546,19.7301,0.0754,19.9164,0.0459,19.442,0.0748,19.2849,0.1256,19.4625,0.0458,,,,,,,15.0,
59,94.72,5384111,49,0,213518.51-010300.6,323.82714,-1.05017,41,36,57596.4188,16,0.982,,,,,,,19.326,0.0479,19.5961,0.198,19.3873,0.1196,18.5446,0.0063,18.5707,0.012,18.5444,0.0073,18.2763,0.007,18.3173,0.0107,18.2785,0.0066,18.115,0.0085,18.1543,0.0224,18.1245,0.0114,18.0915,0.0133,18.171,0.0417,18.0996,0.0237,15.0,
60,95.08,5384071,53,0,213515.28-010418.9,323.81368,-1.071934,36,65,57588.332,7,0.981,,,,,,,,,,,,,18.7835,0.0068,18.7963,0.0189,18.7893,0.0078,18.4497,0.0052,18.4864,0.0136,18.4493,0.0064,18.2273,0.0067,18.2809,0.0215,18.2303,0.0107,18.1572,0.0161,18.266,0.0336,18.2041,0.0222,15.0,
61,96.43,5384141,18,0,213515.00-010128.9,323.812511,-1.024722,36,39,57417.5971,3,0.808,,,,,,,,,,,,,,,,,,,20.1535,0.027,20.0448,0.044,20.1295,0.0267,19.4003,0.0372,19.2396,0.0856,19.3776,0.0292,19.1043,0.0928,19.0741,0.2015,19.1079,0.0846,6.56,5384140.0
62,97.49,5384061,68,0,213510.12-010428.0,323.79213,-1.074477,38,59,57609.2209,5,0.982,,,,,,,,,,,,,19.1563,0.009,19.1947,0.0258,19.1685,0.0113,18.2524,0.0052,18.2597,0.0154,18.2563,0.0063,17.4856,0.0066,17.4966,0.0149,17.4867,0.0069,17.2098,0.0096,17.2622,0.0194,17.2139,0.0106,15.0,
63,98.46,5384140,6,0,213514.68-010124.5,323.811157,-1.023504,54,36,57368.7427,0,0.519,,,,,,,,,,,,,,,,,,,,,,,,,19.8864,0.0488,20.0033,0.1319,19.9993,0.0689,19.1382,0.0861,19.3607,0.1421,19.3086,0.1007,6.56,5384141.0
64,99.55,5384131,12,0,213510.75-010118.6,323.794827,-1.021854,102,143,57329.4243,0,0.709,,,,,,,,,,,,,,,,,,,20.4503,0.0719,20.0198,0.1697,20.2927,0.0852,19.6262,0.0551,19.7317,0.2477,19.5982,0.0389,,,,,,,13.89,5384130.0
65,101.77,5383994,8,0,213506.71-010355.1,323.777844,-1.065262,174,76,57191.1039,0,0.611,,,,,,,,,,,,,20.5198,0.1488,20.5462,0.1326,20.7184,0.068,20.081,0.1039,19.9451,0.0617,20.2244,0.0327,19.7101,0.2885,19.6032,0.1367,19.8822,0.1126,,,,,,,12.3,5383992.0
66,101.91,5383993,24,0,213506.13-010341.9,323.775601,-1.061637,399,85,57417.8157,0,0.611,,,,,,,,,,,,,,,,,,,19.7969,0.0906,19.5851,0.0843,19.9387,0.0247,18.8456,0.0591,18.6846,0.0498,18.8909,0.0182,18.3846,0.0655,18.2312,0.0598,18.4109,0.0398,11.72,5384007.0
67,102.43,5384007,29,0,213505.80-010331.5,323.77417,-1.058714,84,52,57445.0989,0,0.955,,,,,,,,,,,,,21.0986,0.1518,21.1749,0.1449,21.1581,0.1138,20.3388,0.0298,20.231,0.1004,20.3716,0.0409,18.8254,0.0103,18.8705,0.0327,18.8499,0.0172,18.2362,0.0133,18.3401,0.0356,18.2404,0.0231,11.72,5383993.0
68,105.54,5384139,3,0,213513.24-010111.6,323.805175,-1.019845,73,36,57228.6338,0,0.487,,,,,,,,,,,,,,,,,,,20.7694,0.0913,21.0567,0.1429,20.8619,0.1726,19.873,0.1889,19.7462,0.1372,19.9062,0.1098,,,,,,,15.0,
69,106.05,5383992,52,0,213506.94-010406.6,323.778921,-1.068506,49,59,57524.5503,2,0.98,,,,,,,,,,,,,19.9451,0.0175,20.0469,0.0537,19.9561,0.0187,19.077,0.0092,19.1344,0.0335,19.0738,0.0104,18.0689,0.0063,18.0988,0.017,18.0674,0.0096,17.6703,0.0114,17.7148,0.0281,17.671,0.0144,12.3,5383994.0
70,108.41,5384126,114,0,213508.27-010124.8,323.784447,-1.023591,37,36,57677.231,16,0.994,18.1247,0.0129,18.2055,0.0504,18.1407,0.0172,17.7291,0.0115,17.7416,0.0269,17.7346,0.0121,15.7332,0.0039,15.7267,0.0047,15.7315,0.0038,15.1864,0.0034,15.1829,0.004,15.1867,0.0035,14.8698,0.0036,14.8756,0.004,14.8714,0.0039,14.7507,0.0049,14.7621,0.0053,14.7519,0.0053,15.0,
71,108.85,5384042,18,0,213507.00-010140.1,323.779154,-1.027788,36,54,57335.941,0,0.768,,,,,,,,,,,,,21.1252,0.0823,21.1896,0.184,21.16,0.1146,20.0638,0.0441,19.7625,0.1179,19.9466,0.0355,19.3699,0.0279,19.29,0.0511,19.3417,0.0292,18.9426,0.0709,19.0492,0.118,18.8994,0.0582,10.7,5384041.0
72,112.13,5384162,10,0,213518.99-010209.0,323.82916,-1.035826,55,131,57381.4011,0,0.781,,,,,,,,,,,,,20.4815,0.0207,20.563,0.0698,20.5032,0.0443,20.2306,0.0199,20.2409,0.0884,20.265,0.0374,19.9099,0.0938,20.0896,0.2276,19.965,0.1566,,,,,,,15.0,
73,114.02,5384164,69,0,213516.97-010126.9,323.820723,-1.02417,42,54,57652.5492,5,0.982,,,,,,,,,,,,,19.8811,0.018,19.91,0.059,19.8852,0.0231,18.9507,0.0064,18.9737,0.0167,18.951,0.0087,17.3103,0.0051,17.3443,0.0124,17.3104,0.0062,16.6502,0.0071,16.7022,0.0147,16.6541,0.0079,15.0,
74,114.1,5384060,5,0,213511.31-010449.2,323.797099,-1.080312,225,247,57157.0277,0,0.497,,,,,,,,,,,,,,,,,,,20.6301,0.0458,20.6085,0.0923,20.6669,0.0481,,,,,,,,,,,,,12.59,5382470.0
75,116.55,5384143,19,0,213514.20-010103.1,323.809179,-1.017553,78,96,57476.8323,0,0.869,,,,,,,,,,,,,20.5025,0.0283,20.6223,0.068,20.5204,0.0363,19.9976,0.0323,20.0224,0.0598,19.9942,0.0341,19.72,0.0338,19.6641,0.0998,19.6647,0.0445,,,,,,,6.85,5384144.0
76,118.45,5384041,30,0,213506.31-010136.9,323.776308,-1.02693,74,78,57463.0474,0,0.568,,,,,,,,,,,,,20.5045,0.0672,20.2808,0.116,20.5193,0.0412,19.5828,0.0371,19.2972,0.0521,19.6342,0.0243,18.9399,0.0478,18.6112,0.0588,18.9502,0.025,18.6721,0.0608,18.7316,0.1209,18.6785,0.0566,10.7,5384042.0
77,118.52,5384006,22,0,213504.33-010304.8,323.768025,-1.05132,46,78,57368.0506,0,0.775,,,,,,,,,,,,,20.9563,0.0797,20.8422,0.103,20.9211,0.0803,19.9086,0.0402,19.7228,0.0527,19.894,0.0232,19.2574,0.0421,19.0123,0.0607,19.2041,0.0317,18.8719,0.0291,18.797,0.0583,18.8513,0.0416,14.85,5384005.0
78,118.7,5384097,4,1,213517.01-010430.3,323.820887,-1.075036,163,36,57144.1188,0,0.598,,,,,,,,,,,,,20.7537,0.1173,20.5632,0.0998,20.8018,0.0631,20.4528,0.1441,20.3751,0.1112,20.4877,0.0758,,,,,,,,,,,,,4.81,5384098.0
79,118.82,2009100444,0,19,213512.11-010454.6,323.800499,-1.081846,36,36,57988.5895,3,0.0,,,,,,,,,,,,,18.4587,,14.8137,,18.9568,,,,,,,,,,,,,,,,,,,,1.89,2009100445.0
80,119.46,5383991,2,0,213506.19-010414.1,323.775774,-1.07057,265,391,57250.5543,0,0.478,,,,,,,,,,,,,,,,,,,,,,,,,19.9964,0.1177,20.1301,0.3142,20.0194,0.1341,,,,,,,13.55,5383992.0
81,119.75,5384059,78,0,213509.80-010449.9,323.790829,-1.080558,48,63,57700.3233,14,0.983,,,,,,,,,,,,,18.1891,0.0067,18.2128,0.0086,18.1899,0.0064,17.5493,0.0042,17.572,0.0081,17.5501,0.0046,17.1175,0.006,17.1612,0.0116,17.1244,0.0064,16.9404,0.0072,17.0115,0.0161,16.947,0.0091,11.97,5384058.0
82,119.93,2009100445,0,1024,213512.22-010455.7,323.800923,-1.082156,36,36,57200.7196,5,0.917,,,,,,,,,,,,,,,,,,,,,,,,,17.0711,,17.9143,,17.7344,,,,,,,,1.89,2009100444.0
