20,25,15,20
60,65,15,20
100,105,15,20
140,145,15,20
180,185,15,20
220,225,15,20
260,265,15,20
300,305,15,20
340,345,15,20
380,385,15,20
420,425,15,20
460,465,15,20
500,505,15,20
540,545,15,20
580,585,15,20
620,625,15,20
660,665,15,20
700,705,15,20
740,745,15,20
780,785,15,20
820,825,15,20
860,865,15,20
900,905,15,20
940,945,15,20
980,985,15,20
1020,1025,15,20
1060,1065,15,20
20,25,55,60
60,65,55,60
100,105,55,60
140,145,55,60
180,185,55,60
220,225,55,60
260,265,55,60
300,305,55,60
340,345,55,60
380,385,55,60
420,425,55,60
460,465,55,60
500,505,55,60
540,545,55,60
580,585,55,60
620,625,55,60
660,665,55,60
700,705,55,60
740,745,55,60
780,785,55,60
820,825,55,60
860,865,55,60
900,905,55,60
940,945,55,60
980,985,55,60
1020,1025,55,60
1060,1065,55,60
20,25,95,100
60,65,95,100
100,105,95,100
140,145,95,100
180,185,95,100
220,225,95,100
260,265,95,100
300,305,95,100
340,345,95,100
380,385,95,100
420,425,95,100
460,465,95,100
500,505,95,100
540,545,95,100
580,585,95,100
620,625,95,100
660,665,95,100
700,705,95,100
740,745,95,100
780,785,95,100
820,825,95,100
860,865,95,100
900,905,95,100
940,945,95,100
980,985,95,100
1020,1025,95,100
1060,1065,95,100
20,25,135,140
60,65,135,140
100,105,135,140
140,145,135,140
180,185,135,140
220,225,135,140
260,265,135,140
300,305,135,140
340,345,135,140
380,385,135,140
420,425,135,140
460,465,135,140
500,505,135,140
540,545,135,140
580,585,135,140
620,625,135,140
660,665,135,140
700,705,135,140
740,745,135,140
780,785,135,140
820,825,135,140
860,865,135,140
900,905,135,140
940,945,135,140
980,985,135,140
1020,1025,135,140
1060,1065,135,140
20,25,175,180
60,65,175,180
100,105,175,180
140,145,175,180
180,185,175,180
220,225,175,180
260,265,175,180
300,305,175,180
340,345,175,180
380,385,175,180
420,425,175,180
460,465,175,180
500,505,175,180
540,545,175,180
580,585,175,180
620,625,175,180
660,665,175,180
700,705,175,180
740,745,175,180
780,785,175,180
820,825,175,180
860,865,175,180
900,905,175,180
940,945,175,180
980,985,175,180
1020,1025,175,180
1060,1065,175,180
20,25,215,220
60,65,215,220
100,105,215,220
140,145,215,220
180,185,215,220
220,225,215,220
260,265,215,220
300,305,215,220
340,345,215,220
380,385,215,220
420,425,215,220
460,465,215,220
500,505,215,220
540,545,215,220
580,585,215,220
620,625,215,220
660,665,215,220
700,705,215,220
740,745,215,220
780,785,215,220
820,825,215,220
860,865,215,220
900,905,215,220
940,945,215,220
980,985,215,220
1020,1025,215,220
1060,1065,215,220
20,25,255,260
60,65,255,260
100,105,255,260
140,145,255,260
180,185,255,260
220,225,255,260
260,265,255,260
300,305,255,260
340,345,255,260
380,385,255,260
420,425,255,260
460,465,255,260
500,505,255,260
540,545,255,260
580,585,255,260
620,625,255,260
660,665,255,260
700,705,255,260
740,745,255,260
780,785,255,260
820,825,255,260
860,865,255,260
900,905,255,260
940,945,255,260
980,985,255,260
1020,1025,255,260
1060,1065,255,260
20,25,295,300
60,65,295,300
100,105,295,300
140,145,295,300
180,185,295,300
220,225,295,300
260,265,295,300
300,305,295,300
340,345,295,300
380,385,295,300
420,425,295,300
460,465,295,300
500,505,295,300
540,545,295,300
580,585,295,300
620,625,295,300
660,665,295,300
700,705,295,300
740,745,295,300
780,785,295,300
820,825,295,300
860,865,295,300
900,905,295,300
940,945,295,300
980,985,295,300
1020,1025,295,300
1060,1065,295,300
20,25,335,340
60,65,335,340
100,105,335,340
140,145,335,340
180,185,335,340
220,225,335,340
260,265,335,340
300,305,335,340
340,345,335,340
380,385,335,340
420,425,335,340
460,465,335,340
500,505,335,340
540,545,335,340
580,585,335,340
620,625,335,340
660,665,335,340
700,705,335,340
740,745,335,340
780,785,335,340
820,825,335,340
860,865,335,340
900,905,335,340
940,945,335,340
980,985,335,340
1020,1025,335,340
1060,1065,335,340
20,25,375,380
60,65,375,380
100,105,375,380
140,145,375,380
180,185,375,380
220,225,375,380
260,265,375,380
300,305,375,380
340,345,375,380
380,385,375,380
420,425,375,380
460,465,375,380
500,505,375,380
540,545,375,380
580,585,375,380
620,625,375,380
660,665,375,380
700,705,375,380
740,745,375,380
780,785,375,380
820,825,375,380
860,865,375,380
900,905,375,380
940,945,375,380
980,985,375,380
1020,1025,375,380
1060,1065,375,380
20,25,415,420
60,65,415,420
100,105,415,420
140,145,415,420
180,185,415,420
220,225,415,420
260,265,415,420
300,305,415,420
340,345,415,420
380,385,415,420
420,425,415,420
460,465,415,420
500,505,415,420
540,545,415,420
580,585,415,420
620,625,415,420
660,665,415,420
700,705,415,420
740,745,415,420
780,785,415,420
820,825,415,420
860,865,415,420
900,905,415,420
940,945,415,420
980,985,415,420
1020,1025,415,420
1060,1065,415,420
20,25,455,460
60,65,455,460
100,105,455,460
140,145,455,460
180,185,455,460
220,225,455,460
260,265,455,460
300,305,455,460
340,345,455,460
380,385,455,460
420,425,455,460
460,465,455,460
500,505,455,460
540,545,455,460
580,585,455,460
620,625,455,460
660,665,455,460
700,705,455,460
740,745,455,460
780,785,455,460
820,825,455,460
860,865,455,460
900,905,455,460
940,945,455,460
980,985,455,460
1020,1025,455,460
1060,1065,455,460
20,25,495,500
60,65,495,500
100,105,495,500
140,145,495,500
180,185,495,500
220,225,495,500
260,265,495,500
300,305,495,500
340,345,495,500
380,385,495,500
420,425,495,500
460,465,495,500
500,505,495,500
540,545,495,500
580,585,495,500
620,625,495,500
660,665,495,500
700,705,495,500
740,745,495,500
780,785,495,500
820,825,495,500
860,865,495,500
900,905,495,500
940,945,495,500
980,985,495,500
1020,1025,495,500
1060,1065,495,500
20,25,535,540
60,65,535,540
100,105,535,540
140,145,535,540
180,185,535,540
220,225,535,540
260,265,535,540
300,305,535,540
340,345,535,540
380,385,535,540
420,425,535,540
460,465,535,540
500,505,535,540
540,545,535,540
580,585,535,540
620,625,535,540
660,665,535,540
700,705,535,540
740,745,535,540
780,785,535,540
820,825,535,540
860,865,535,540
900,905,535,540
940,945,535,540
980,985,535,540
1020,1025,535,540
1060,1065,535,540
20,25,575,580
60,65,575,580
100,105,575,580
140,145,575,580
180,185,575,580
220,225,575,580
260,265,575,580
300,305,575,580
340,345,575,580
380,385,575,580
420,425,575,580
460,465,575,580
500,505,575,580
540,545,575,580
580,585,575,580
620,625,575,580
660,665,575,580
700,705,575,580
740,745,575,580
780,785,575,580
820,825,575,580
860,865,575,580
900,905,575,580
940,945,575,580
980,985,575,580
1020,1025,575,580
1060,1065,575,580
20,25,615,620
60,65,615,620
100,105,615,620
140,145,615,620
180,185,615,620
220,225,615,620
260,265,615,620
300,305,615,620
340,345,615,620
380,385,615,620
420,425,615,620
460,465,615,620
500,505,615,620
540,545,615,620
580,585,615,620
620,625,615,620
660,665,615,620
700,705,615,620
740,745,615,620
780,785,615,620
820,825,615,620
860,865,615,620
900,905,615,620
940,945,615,620
980,985,615,620
1020,1025,615,620
1060,1065,615,620
20,25,655,660
60,65,655,660
100,105,655,660
140,145,655,660
180,185,655,660
220,225,655,660
260,265,655,660
300,305,655,660
340,345,655,660
380,385,655,660
420,425,655,660
460,465,655,660
500,505,655,660
540,545,655,660
580,585,655,660
620,625,655,660
660,665,655,660
700,705,655,660
740,745,655,660
780,785,655,660
820,825,655,660
860,865,655,660
900,905,655,660
940,945,655,660
980,985,655,660
1020,1025,655,660
1060,1065,655,660
20,25,695,700
60,65,695,700
100,105,695,700
140,145,695,700
180,185,695,700
220,225,695,700
260,265,695,700
300,305,695,700
340,345,695,700
380,385,695,700
420,425,695,700
460,465,695,700
500,505,695,700
540,545,695,700
580,585,695,700
620,625,695,700
660,665,695,700
700,705,695,700
740,745,695,700
780,785,695,700
820,825,695,700
860,865,695,700
900,905,695,700
940,945,695,700
980,985,695,700
1020,1025,695,700
1060,1065,695,700
20,25,735,740
60,65,735,740
100,105,735,740
140,145,735,740
180,185,735,740
220,225,735,740
260,265,735,740
300,305,735,740
340,345,735,740
380,385,735,740
420,425,735,740
460,465,735,740
500,505,735,740
540,545,735,740
580,585,735,740
620,625,735,740
660,665,735,740
700,705,735,740
740,745,735,740
780,785,735,740
820,825,735,740
860,865,735,740
900,905,735,740
940,945,735,740
980,985,735,740
1020,1025,735,740
1060,1065,735,740
20,25,775,780
60,65,775,780
100,105,775,780
140,145,775,780
180,185,775,780
220,225,775,780
260,265,775,780
300,305,775,780
340,345,775,780
380,385,775,780
420,425,775,780
460,465,775,780
500,505,775,780
540,545,775,780
580,585,775,780
620,625,775,780
660,665,775,780
700,705,775,780
740,745,775,780
780,785,775,780
820,825,775,780
860,865,775,780
900,905,775,780
940,945,775,780
980,985,775,780
1020,1025,775,780
1060,1065,775,780
20,25,815,820
60,65,815,820
100,105,815,820
140,145,815,820
180,185,815,820
220,225,815,820
260,265,815,820
300,305,815,820
340,345,815,820
380,385,815,820
420,425,815,820
460,465,815,820
500,505,815,820
540,545,815,820
580,585,815,820
620,625,815,820
660,665,815,820
700,705,815,820
740,745,815,820
780,785,815,820
820,825,815,820
860,865,815,820
900,905,815,820
940,945,815,820
980,985,815,820
1020,1025,815,820
1060,1065,815,820
20,25,855,860
60,65,855,860
100,105,855,860
140,145,855,860
180,185,855,860
220,225,855,860
260,265,855,860
300,305,855,860
340,345,855,860
380,385,855,860
420,425,855,860
460,465,855,860
500,505,855,860
540,545,855,860
580,585,855,860
620,625,855,860
660,665,855,860
700,705,855,860
740,745,855,860
780,785,855,860
820,825,855,860
860,865,855,860
900,905,855,860
940,945,855,860
980,985,855,860
1020,1025,855,860
1060,1065,855,860
20,25,895,900
60,65,895,900
100,105,895,900
140,145,895,900
180,185,895,900
220,225,895,900
260,265,895,900
300,305,895,900
340,345,895,900
380,385,895,900
420,425,895,900
460,465,895,900
500,505,895,900
540,545,895,900
580,585,895,900
620,625,895,900
660,665,895,900
700,705,895,900
740,745,895,900
780,785,895,900
820,825,895,900
860,865,895,900
900,905,895,900
940,945,895,900
980,985,895,900
1020,1025,895,900
1060,1065,895,900
20,25,935,940
60,65,935,940
100,105,935,940
140,145,935,940
180,185,935,940
220,225,935,940
260,265,935,940
300,305,935,940
340,345,935,940
380,385,935,940
420,425,935,940
460,465,935,940
500,505,935,940
540,545,935,940
580,585,935,940
620,625,935,940
660,665,935,940
700,705,935,940
740,745,935,940
780,785,935,940
820,825,935,940
860,865,935,940
900,905,935,940
940,945,935,940
980,985,935,940
1020,1025,935,940
1060,1065,935,940
20,25,975,980
60,65,975,980
100,105,975,980
140,145,975,980
180,185,975,980
220,225,975,980
260,265,975,980
300,305,975,980
340,345,975,980
380,385,975,980
420,425,975,980
460,465,975,980
500,505,975,980
540,545,975,980
580,585,975,980
620,625,975,980
660,665,975,980
700,705,975,980
740,745,975,980
780,785,975,980
820,825,975,980
860,865,975,980
900,905,975,980
940,945,975,980
980,985,975,980
1020,1025,975,980
1060,1065,975,980
20,25,1015,1020
60,65,1015,1020
100,105,1015,1020
140,145,1015,1020
180,185,1015,1020
220,225,1015,1020
260,265,1015,1020
300,305,1015,1020
340,345,1015,1020
380,385,1015,1020
420,425,1015,1020
460,465,1015,1020
500,505,1015,1020
540,545,1015,1020
580,585,1015,1020
620,625,1015,1020
660,665,1015,1020
700,705,1015,1020
740,745,1015,1020
780,785,1015,1020
820,825,1015,1020
860,865,1015,1020
900,905,1015,1020
940,945,1015,1020
980,985,1015,1020
1020,1025,1015,1020
1060,1065,1015,1020
20,25,1055,1060
60,65,1055,1060
100,105,1055,1060
140,145,1055,1060
180,185,1055,1060
220,225,1055,1060
260,265,1055,1060
300,305,1055,1060
340,345,1055,1060
380,385,1055,1060
420,425,1055,1060
460,465,1055,1060
500,505,1055,1060
540,545,1055,1060
580,585,1055,1060
620,625,1055,1060
660,665,1055,1060
700,705,1055,1060
740,745,1055,1060
780,785,1055,1060
820,825,1055,1060
860,865,1055,1060
900,905,1055,1060
940,945,1055,1060
980,985,1055,1060
1020,1025,1055,1060
1060,1065,1055,1060
20,25,1095,1100
60,65,1095,1100
100,105,1095,1100
140,145,1095,1100
180,185,1095,1100
220,225,1095,1100
260,265,1095,1100
300,305,1095,1100
340,345,1095,1100
380,385,1095,1100
420,425,1095,1100
460,465,1095,1100
500,505,1095,1100
540,545,1095,1100
580,585,1095,1100
620,625,1095,1100
660,665,1095,1100
700,705,1095,1100
740,745,1095,1100
780,785,1095,1100
820,825,1095,1100
860,865,1095,1100
900,905,1095,1100
940,945,1095,1100
980,985,1095,1100
1020,1025,1095,1100
1060,1065,1095,1100
20,25,1135,1140
60,65,1135,1140
100,105,1135,1140
140,145,1135,1140
180,185,1135,1140
220,225,1135,1140
260,265,1135,1140
300,305,1135,1140
340,345,1135,1140
380,385,1135,1140
420,425,1135,1140
460,465,1135,1140
500,505,1135,1140
540,545,1135,1140
580,585,1135,1140
620,625,1135,1140
660,665,1135,1140
700,705,1135,1140
740,745,1135,1140
780,785,1135,1140
820,825,1135,1140
860,865,1135,1140
900,905,1135,1140
940,945,1135,1140
980,985,1135,1140
1020,1025,1135,1140
1060,1065,1135,1140
20,25,1175,1180
60,65,1175,1180
100,105,1175,1180
140,145,1175,1180
180,185,1175,1180
220,225,1175,1180
260,265,1175,1180
300,305,1175,1180
340,345,1175,1180
380,385,1175,1180
420,425,1175,1180
460,465,1175,1180
500,505,1175,1180
540,545,1175,1180
580,585,1175,1180
620,625,1175,1180
660,665,1175,1180
700,705,1175,1180
740,745,1175,1180
780,785,1175,1180
820,825,1175,1180
860,865,1175,1180
900,905,1175,1180
940,945,1175,1180
980,985,1175,1180
1020,1025,1175,1180
1060,1065,1175,1180
20,25,1215,1220
60,65,1215,1220
100,105,1215,1220
140,145,1215,1220
180,185,1215,1220
220,225,1215,1220
260,265,1215,1220
300,305,1215,1220
340,345,1215,1220
380,385,1215,1220
420,425,1215,1220
460,465,1215,1220
500,505,1215,1220
540,545,1215,1220
580,585,1215,1220
620,625,1215,1220
660,665,1215,1220
700,705,1215,1220
740,745,1215,1220
780,785,1215,1220
820,825,1215,1220
860,865,1215,1220
900,905,1215,1220
940,945,1215,1220
980,985,1215,1220
1020,1025,1215,1220
1060,1065,1215,1220
20,25,1255,1260
60,65,1255,1260
100,105,1255,1260
140,145,1255,1260
180,185,1255,1260
220,225,1255,1260
260,265,1255,1260
300,305,1255,1260
340,345,1255,1260
380,385,1255,1260
420,425,1255,1260
460,465,1255,1260
500,505,1255,1260
540,545,1255,1260
580,585,1255,1260
620,625,1255,1260
660,665,1255,1260
700,705,1255,1260
740,745,1255,1260
780,785,1255,1260
820,825,1255,1260
860,865,1255,1260
900,905,1255,1260
940,945,1255,1260
980,985,1255,1260
1020,1025,1255,1260
1060,1065,1255,1260
20,25,1295,1300
60,65,1295,1300
100,105,1295,1300
140,145,1295,1300
180,185,1295,1300
220,225,1295,1300
260,265,1295,1300
300,305,1295,1300
340,345,1295,1300
380,385,1295,1300
420,425,1295,1300
460,465,1295,1300
500,505,1295,1300
540,545,1295,1300
580,585,1295,1300
620,625,1295,1300
660,665,1295,1300
700,705,1295,1300
740,745,1295,1300
780,785,1295,1300
820,825,1295,1300
860,865,1295,1300
900,905,1295,1300
940,945,1295,1300
980,985,1295,1300
1020,1025,1295,1300
1060,1065,1295,1300
20,25,1335,1340
60,65,1335,1340
100,105,1335,1340
140,145,1335,1340
180,185,1335,1340
220,225,1335,1340
260,265,1335,1340
300,305,1335,1340
340,345,1335,1340
380,385,1335,1340
420,425,1335,1340
460,465,1335,1340
500,505,1335,1340
540,545,1335,1340
580,585,1335,1340
620,625,1335,1340
660,665,1335,1340
700,705,1335,1340
740,745,1335,1340
780,785,1335,1340
820,825,1335,1340
860,865,1335,1340
900,905,1335,1340
940,945,1335,1340
980,985,1335,1340
1020,1025,1335,1340
1060,1065,1335,1340
20,25,1375,1380
60,65,1375,1380
100,105,1375,1380
140,145,1375,1380
180,185,1375,1380
220,225,1375,1380
260,265,1375,1380
300,305,1375,1380
340,345,1375,1380
380,385,1375,1380
420,425,1375,1380
460,465,1375,1380
500,505,1375,1380
540,545,1375,1380
580,585,1375,1380
620,625,1375,1380
660,665,1375,1380
700,705,1375,1380
740,745,1375,1380
780,785,1375,1380
820,825,1375,1380
860,865,1375,1380
900,905,1375,1380
940,945,1375,1380
980,985,1375,1380
1020,1025,1375,1380
1060,1065,1375,1380
20,25,1415,1420
60,65,1415,1420
100,105,1415,1420
140,145,1415,1420
180,185,1415,1420
220,225,1415,1420
260,265,1415,1420
300,305,1415,1420
340,345,1415,1420
380,385,1415,1420
420,425,1415,1420
460,465,1415,1420
500,505,1415,1420
540,545,1415,1420
580,585,1415,1420
620,625,1415,1420
660,665,1415,1420
700,705,1415,1420
740,745,1415,1420
780,785,1415,1420
820,825,1415,1420
860,865,1415,1420
900,905,1415,1420
940,945,1415,1420
980,985,1415,1420
1020,1025,1415,1420
1060,1065,1415,1420
20,25,1455,1460
60,65,1455,1460
100,105,1455,1460
140,145,1455,1460
180,185,1455,1460
220,225,1455,1460
260,265,1455,1460
300,305,1455,1460
340,345,1455,1460
380,385,1455,1460
420,425,1455,1460
460,465,1455,1460
500,505,1455,1460
540,545,1455,1460
580,585,1455,1460
620,625,1455,1460
660,665,1455,1460
700,705,1455,1460
740,745,1455,1460
780,785,1455,1460
820,825,1455,1460
860,865,1455,1460
900,905,1455,1460
940,945,1455,1460
980,985,1455,1460
1020,1025,1455,1460
1060,1065,1455,1460
20,25,1495,1500
60,65,1495,1500
100,105,1495,1500
140,145,1495,1500
180,185,1495,1500
220,225,1495,1500
260,265,1495,1500
300,305,1495,1500
340,345,1495,1500
380,385,1495,1500
420,425,1495,1500
460,465,1495,1500
500,505,1495,1500
540,545,1495,1500
580,585,1495,1500
620,625,1495,1500
660,665,1495,1500
700,705,1495,1500
740,745,1495,1500
780,785,1495,1500
820,825,1495,1500
860,865,1495,1500
900,905,1495,1500
940,945,1495,1500
980,985,1495,1500
1020,1025,1495,1500
1060,1065,1495,1500
20,25,1535,1540
60,65,1535,1540
100,105,1535,1540
140,145,1535,1540
180,185,1535,1540
220,225,1535,1540
260,265,1535,1540
300,305,1535,1540
340,345,1535,1540
380,385,1535,1540
420,425,1535,1540
460,465,1535,1540
500,505,1535,1540
540,545,1535,1540
580,585,1535,1540
620,625,1535,1540
660,665,1535,1540
700,705,1535,1540
740,745,1535,1540
780,785,1535,1540
820,825,1535,1540
860,865,1535,1540
900,905,1535,1540
940,945,1535,1540
980,985,1535,1540
1020,1025,1535,1540
1060,1065,1535,1540
20,25,1575,1580
60,65,1575,1580
100,105,1575,1580
140,145,1575,1580
180,185,1575,1580
220,225,1575,1580
260,265,1575,1580
300,305,1575,1580
340,345,1575,1580
380,385,1575,1580
420,425,1575,1580
460,465,1575,1580
500,505,1575,1580
540,545,1575,1580
580,585,1575,1580
620,625,1575,1580
660,665,1575,1580
700,705,1575,1580
740,745,1575,1580
780,785,1575,1580
820,825,1575,1580
860,865,1575,1580
900,905,1575,1580
940,945,1575,1580
980,985,1575,1580
1020,1025,1575,1580
1060,1065,1575,1580
20,25,1615,1620
60,65,1615,1620
100,105,1615,1620
140,145,1615,1620
180,185,1615,1620
220,225,1615,1620
260,265,1615,1620
300,305,1615,1620
340,345,1615,1620
380,385,1615,1620
420,425,1615,1620
460,465,1615,1620
500,505,1615,1620
540,545,1615,1620
580,585,1615,1620
620,625,1615,1620
660,665,1615,1620
700,705,1615,1620
740,745,1615,1620
780,785,1615,1620
820,825,1615,1620
860,865,1615,1620
900,905,1615,1620
940,945,1615,1620
980,985,1615,1620
1020,1025,1615,1620
1060,1065,1615,1620
20,25,1655,1660
60,65,1655,1660
100,105,1655,1660
140,145,1655,1660
180,185,1655,1660
220,225,1655,1660
260,265,1655,1660
300,305,1655,1660
340,345,1655,1660
380,385,1655,1660
420,425,1655,1660
460,465,1655,1660
500,505,1655,1660
540,545,1655,1660
580,585,1655,1660
620,625,1655,1660
660,665,1655,1660
700,705,1655,1660
740,745,1655,1660
780,785,1655,1660
820,825,1655,1660
860,865,1655,1660
900,905,1655,1660
940,945,1655,1660
980,985,1655,1660
1020,1025,1655,1660
1060,1065,1655,1660
20,25,1695,1700
60,65,1695,1700
100,105,1695,1700
140,145,1695,1700
180,185,1695,1700
220,225,1695,1700
260,265,1695,1700
300,305,1695,1700
340,345,1695,1700
380,385,1695,1700
420,425,1695,1700
460,465,1695,1700
500,505,1695,1700
540,545,1695,1700
580,585,1695,1700
620,625,1695,1700
660,665,1695,1700
700,705,1695,1700
740,745,1695,1700
780,785,1695,1700
820,825,1695,1700
860,865,1695,1700
900,905,1695,1700
940,945,1695,1700
980,985,1695,1700
1020,1025,1695,1700
1060,1065,1695,1700
20,25,1735,1740
60,65,1735,1740
100,105,1735,1740
140,145,1735,1740
180,185,1735,1740
220,225,1735,1740
260,265,1735,1740
300,305,1735,1740
340,345,1735,1740
380,385,1735,1740
420,425,1735,1740
460,465,1735,1740
500,505,1735,1740
540,545,1735,1740
580,585,1735,1740
620,625,1735,1740
660,665,1735,1740
700,705,1735,1740
740,745,1735,1740
780,785,1735,1740
820,825,1735,1740
860,865,1735,1740
900,905,1735,1740
940,945,1735,1740
980,985,1735,1740
1020,1025,1735,1740
1060,1065,1735,1740
20,25,1775,1780
60,65,1775,1780
100,105,1775,1780
140,145,1775,1780
180,185,1775,1780
220,225,1775,1780
260,265,1775,1780
300,305,1775,1780
340,345,1775,1780
380,385,1775,1780
420,425,1775,1780
460,465,1775,1780
500,505,1775,1780
540,545,1775,1780
580,585,1775,1780
620,625,1775,1780
660,665,1775,1780
700,705,1775,1780
740,745,1775,1780
780,785,1775,1780
820,825,1775,1780
860,865,1775,1780
900,905,1775,1780
940,945,1775,1780
980,985,1775,1780
1020,1025,1775,1780
1060,1065,1775,1780
20,25,1815,1820
60,65,1815,1820
100,105,1815,1820
140,145,1815,1820
180,185,1815,1820
220,225,1815,1820
260,265,1815,1820
300,305,1815,1820
340,345,1815,1820
380,385,1815,1820
420,425,1815,1820
460,465,1815,1820
500,505,1815,1820
540,545,1815,1820
580,585,1815,1820
620,625,1815,1820
660,665,1815,1820
700,705,1815,1820
740,745,1815,1820
780,785,1815,1820
820,825,1815,1820
860,865,1815,1820
900,905,1815,1820
940,945,1815,1820
980,985,1815,1820
1020,1025,1815,1820
1060,1065,1815,1820
20,25,1855,1860
60,65,1855,1860
100,105,1855,1860
140,145,1855,1860
180,185,1855,1860
220,225,1855,1860
260,265,1855,1860
300,305,1855,1860
340,345,1855,1860
380,385,1855,1860
420,425,1855,1860
460,465,1855,1860
500,505,1855,1860
540,545,1855,1860
580,585,1855,1860
620,625,1855,1860
660,665,1855,1860
700,705,1855,1860
740,745,1855,1860
780,785,1855,1860
820,825,1855,1860
860,865,1855,1860
900,905,1855,1860
940,945,1855,1860
980,985,1855,1860
1020,1025,1855,1860
1060,1065,1855,1860
20,25,1895,1900
60,65,1895,1900
100,105,1895,1900
140,145,1895,1900
180,185,1895,1900
220,225,1895,1900
260,265,1895,1900
300,305,1895,1900
340,345,1895,1900
380,385,1895,1900
420,425,1895,1900
460,465,1895,1900
500,505,1895,1900
540,545,1895,1900
580,585,1895,1900
620,625,1895,1900
660,665,1895,1900
700,705,1895,1900
740,745,1895,1900
780,785,1895,1900
820,825,1895,1900
860,865,1895,1900
900,905,1895,1900
940,945,1895,1900
980,985,1895,1900
1020,1025,1895,1900
1060,1065,1895,1900
20,25,1935,1940
60,65,1935,1940
100,105,1935,1940
140,145,1935,1940
180,185,1935,1940
220,225,1935,1940
260,265,1935,1940
300,305,1935,1940
340,345,1935,1940
380,385,1935,1940
420,425,1935,1940
460,465,1935,1940
500,505,1935,1940
540,545,1935,1940
580,585,1935,1940
620,625,1935,1940
660,665,1935,1940
700,705,1935,1940
740,745,1935,1940
780,785,1935,1940
820,825,1935,1940
860,865,1935,1940
900,905,1935,1940
940,945,1935,1940
980,985,1935,1940
1020,1025,1935,1940
1060,1065,1935,1940
20,25,1975,1980
60,65,1975,1980
100,105,1975,1980
140,145,1975,1980
180,185,1975,1980
220,225,1975,1980
260,265,1975,1980
300,305,1975,1980
340,345,1975,1980
380,385,1975,1980
420,425,1975,1980
460,465,1975,1980
500,505,1975,1980
540,545,1975,1980
580,585,1975,1980
620,625,1975,1980
660,665,1975,1980
700,705,1975,1980
740,745,1975,1980
780,785,1975,1980
820,825,1975,1980
860,865,1975,1980
900,905,1975,1980
940,945,1975,1980
980,985,1975,1980
1020,1025,1975,1980
1060,1065,1975,1980
20,25,2015,2020
60,65,2015,2020
100,105,2015,2020
140,145,2015,2020
180,185,2015,2020
220,225,2015,2020
260,265,2015,2020
300,305,2015,2020
340,345,2015,2020
380,385,2015,2020
420,425,2015,2020
460,465,2015,2020
500,505,2015,2020
540,545,2015,2020
580,585,2015,2020
620,625,2015,2020
660,665,2015,2020
700,705,2015,2020
740,745,2015,2020
780,785,2015,2020
820,825,2015,2020
860,865,2015,2020
900,905,2015,2020
940,945,2015,2020
980,985,2015,2020
1020,1025,2015,2020
1060,1065,2015,2020
