0,5,0,5, 0
20,25,0,5, 0
40,45,0,5, 0
60,65,0,5, 0
80,85,0,5, 0
100,105,0,5, 0
120,125,0,5, 0
140,145,0,5, 0
160,165,0,5, 0
180,185,0,5, 0
200,205,0,5, 0
220,225,0,5, 0
240,245,0,5, 0
260,265,0,5, 0
280,285,0,5, 0
300,305,0,5, 0
320,325,0,5, 0
340,345,0,5, 0
360,365,0,5, 0
380,385,0,5, 0
400,405,0,5, 0
420,425,0,5, 0
440,445,0,5, 0
460,465,0,5, 0
480,485,0,5, 0
500,505,0,5, 0
520,525,0,5, 0
540,545,0,5, 0
560,565,0,5, 0
580,585,0,5, 0
600,605,0,5, 0
620,625,0,5, 0
640,645,0,5, 0
660,665,0,5, 0
680,685,0,5, 0
700,705,0,5, 0
720,725,0,5, 0
740,745,0,5, 0
760,765,0,5, 0
780,785,0,5, 0
800,805,0,5, 0
820,825,0,5, 0
840,845,0,5, 0
860,865,0,5, 0
880,885,0,5, 0
900,905,0,5, 0
920,925,0,5, 0
940,945,0,5, 0
960,965,0,5, 0
980,985,0,5, 0
1000,1005,0,5, 0
1020,1025,0,5, 0
1040,1045,0,5, 0
1060,1065,0,5, 0
0,5,20,25, 0
20,25,20,25, 0
40,45,20,25, 0
60,65,20,25, 0
80,85,20,25, 0
100,105,20,25, 0
120,125,20,25, 0
140,145,20,25, 0
160,165,20,25, 0
180,185,20,25, 0
200,205,20,25, 0
220,225,20,25, 0
240,245,20,25, 0
260,265,20,25, 0
280,285,20,25, 0
300,305,20,25, 0
320,325,20,25, 0
340,345,20,25, 0
360,365,20,25, 0
380,385,20,25, 0
400,405,20,25, 0
420,425,20,25, 0
440,445,20,25, 0
460,465,20,25, 0
480,485,20,25, 0
500,505,20,25, 0
520,525,20,25, 0
540,545,20,25, 0
560,565,20,25, 0
580,585,20,25, 0
600,605,20,25, 0
620,625,20,25, 0
640,645,20,25, 0
660,665,20,25, 0
680,685,20,25, 0
700,705,20,25, 0
720,725,20,25, 0
740,745,20,25, 0
760,765,20,25, 0
780,785,20,25, 0
800,805,20,25, 0
820,825,20,25, 0
840,845,20,25, 0
860,865,20,25, 0
880,885,20,25, 0
900,905,20,25, 0
920,925,20,25, 0
940,945,20,25, 0
960,965,20,25, 0
980,985,20,25, 0
1000,1005,20,25, 0
1020,1025,20,25, 0
1040,1045,20,25, 0
1060,1065,20,25, 0
0,5,40,45, 0
20,25,40,45, 0
40,45,40,45, 0
60,65,40,45, 0
80,85,40,45, 0
100,105,40,45, 0
120,125,40,45, 0
140,145,40,45, 0
160,165,40,45, 0
180,185,40,45, 0
200,205,40,45, 0
220,225,40,45, 0
240,245,40,45, 0
260,265,40,45, 0
280,285,40,45, 0
300,305,40,45, 0
320,325,40,45, 0
340,345,40,45, 0
360,365,40,45, 0
380,385,40,45, 0
400,405,40,45, 0
420,425,40,45, 0
440,445,40,45, 0
460,465,40,45, 0
480,485,40,45, 0
500,505,40,45, 0
520,525,40,45, 0
540,545,40,45, 0
560,565,40,45, 0
580,585,40,45, 0
600,605,40,45, 0
620,625,40,45, 0
640,645,40,45, 0
660,665,40,45, 0
680,685,40,45, 0
700,705,40,45, 0
720,725,40,45, 0
740,745,40,45, 0
760,765,40,45, 0
780,785,40,45, 0
800,805,40,45, 0
820,825,40,45, 0
840,845,40,45, 0
860,865,40,45, 0
880,885,40,45, 0
900,905,40,45, 0
920,925,40,45, 0
940,945,40,45, 0
960,965,40,45, 0
980,985,40,45, 0
1000,1005,40,45, 0
1020,1025,40,45, 0
1040,1045,40,45, 0
1060,1065,40,45, 0
0,5,60,65, 0
20,25,60,65, 0
40,45,60,65, 0
60,65,60,65, 0
80,85,60,65, 0
100,105,60,65, 0
120,125,60,65, 0
140,145,60,65, 0
160,165,60,65, 0
180,185,60,65, 0
200,205,60,65, 0
220,225,60,65, 0
240,245,60,65, 0
260,265,60,65, 0
280,285,60,65, 0
300,305,60,65, 0
320,325,60,65, 0
340,345,60,65, 0
360,365,60,65, 0
380,385,60,65, 0
400,405,60,65, 0
420,425,60,65, 0
440,445,60,65, 0
460,465,60,65, 0
480,485,60,65, 0
500,505,60,65, 0
520,525,60,65, 0
540,545,60,65, 0
560,565,60,65, 0
580,585,60,65, 0
600,605,60,65, 0
620,625,60,65, 0
640,645,60,65, 0
660,665,60,65, 0
680,685,60,65, 0
700,705,60,65, 0
720,725,60,65, 0
740,745,60,65, 0
760,765,60,65, 0
780,785,60,65, 0
800,805,60,65, 0
820,825,60,65, 0
840,845,60,65, 0
860,865,60,65, 0
880,885,60,65, 0
900,905,60,65, 0
920,925,60,65, 0
940,945,60,65, 0
960,965,60,65, 0
980,985,60,65, 0
1000,1005,60,65, 0
1020,1025,60,65, 0
1040,1045,60,65, 0
1060,1065,60,65, 0
0,5,80,85, 0
20,25,80,85, 0
40,45,80,85, 0
60,65,80,85, 0
80,85,80,85, 0
100,105,80,85, 0
120,125,80,85, 0
140,145,80,85, 0
160,165,80,85, 0
180,185,80,85, 0
200,205,80,85, 0
220,225,80,85, 0
240,245,80,85, 0
260,265,80,85, 0
280,285,80,85, 0
300,305,80,85, 0
320,325,80,85, 0
340,345,80,85, 0
360,365,80,85, 0
380,385,80,85, 0
400,405,80,85, 0
420,425,80,85, 0
440,445,80,85, 0
460,465,80,85, 0
480,485,80,85, 0
500,505,80,85, 0
520,525,80,85, 0
540,545,80,85, 0
560,565,80,85, 0
580,585,80,85, 0
600,605,80,85, 0
620,625,80,85, 0
640,645,80,85, 0
660,665,80,85, 0
680,685,80,85, 0
700,705,80,85, 0
720,725,80,85, 0
740,745,80,85, 0
760,765,80,85, 0
780,785,80,85, 0
800,805,80,85, 0
820,825,80,85, 0
840,845,80,85, 0
860,865,80,85, 0
880,885,80,85, 0
900,905,80,85, 0
920,925,80,85, 0
940,945,80,85, 0
960,965,80,85, 0
980,985,80,85, 0
1000,1005,80,85, 0
1020,1025,80,85, 0
1040,1045,80,85, 0
1060,1065,80,85, 0
0,5,100,105, 0
20,25,100,105, 0
40,45,100,105, 0
60,65,100,105, 0
80,85,100,105, 0
100,105,100,105, 0
120,125,100,105, 0
140,145,100,105, 0
160,165,100,105, 0
180,185,100,105, 0
200,205,100,105, 0
220,225,100,105, 0
240,245,100,105, 0
260,265,100,105, 0
280,285,100,105, 0
300,305,100,105, 0
320,325,100,105, 0
340,345,100,105, 0
360,365,100,105, 0
380,385,100,105, 0
400,405,100,105, 0
420,425,100,105, 0
440,445,100,105, 0
460,465,100,105, 0
480,485,100,105, 0
500,505,100,105, 0
520,525,100,105, 0
540,545,100,105, 0
560,565,100,105, 0
580,585,100,105, 0
600,605,100,105, 0
620,625,100,105, 0
640,645,100,105, 0
660,665,100,105, 0
680,685,100,105, 0
700,705,100,105, 0
720,725,100,105, 0
740,745,100,105, 0
760,765,100,105, 0
780,785,100,105, 0
800,805,100,105, 0
820,825,100,105, 0
840,845,100,105, 0
860,865,100,105, 0
880,885,100,105, 0
900,905,100,105, 0
920,925,100,105, 0
940,945,100,105, 0
960,965,100,105, 0
980,985,100,105, 0
1000,1005,100,105, 0
1020,1025,100,105, 0
1040,1045,100,105, 0
1060,1065,100,105, 0
0,5,120,125, 0
20,25,120,125, 0
40,45,120,125, 0
60,65,120,125, 0
80,85,120,125, 0
100,105,120,125, 0
120,125,120,125, 0
140,145,120,125, 0
160,165,120,125, 0
180,185,120,125, 0
200,205,120,125, 0
220,225,120,125, 0
240,245,120,125, 0
260,265,120,125, 0
280,285,120,125, 0
300,305,120,125, 0
320,325,120,125, 0
340,345,120,125, 0
360,365,120,125, 0
380,385,120,125, 0
400,405,120,125, 0
420,425,120,125, 0
440,445,120,125, 0
460,465,120,125, 0
480,485,120,125, 0
500,505,120,125, 0
520,525,120,125, 0
540,545,120,125, 0
560,565,120,125, 0
580,585,120,125, 0
600,605,120,125, 0
620,625,120,125, 0
640,645,120,125, 0
660,665,120,125, 0
680,685,120,125, 0
700,705,120,125, 0
720,725,120,125, 0
740,745,120,125, 0
760,765,120,125, 0
780,785,120,125, 0
800,805,120,125, 0
820,825,120,125, 0
840,845,120,125, 0
860,865,120,125, 0
880,885,120,125, 0
900,905,120,125, 0
920,925,120,125, 0
940,945,120,125, 0
960,965,120,125, 0
980,985,120,125, 0
1000,1005,120,125, 0
1020,1025,120,125, 0
1040,1045,120,125, 0
1060,1065,120,125, 0
0,5,140,145, 0
20,25,140,145, 0
40,45,140,145, 0
60,65,140,145, 0
80,85,140,145, 0
100,105,140,145, 0
120,125,140,145, 0
140,145,140,145, 0
160,165,140,145, 0
180,185,140,145, 0
200,205,140,145, 0
220,225,140,145, 0
240,245,140,145, 0
260,265,140,145, 0
280,285,140,145, 0
300,305,140,145, 0
320,325,140,145, 0
340,345,140,145, 0
360,365,140,145, 0
380,385,140,145, 0
400,405,140,145, 0
420,425,140,145, 0
440,445,140,145, 0
460,465,140,145, 0
480,485,140,145, 0
500,505,140,145, 0
520,525,140,145, 0
540,545,140,145, 0
560,565,140,145, 0
580,585,140,145, 0
600,605,140,145, 0
620,625,140,145, 0
640,645,140,145, 0
660,665,140,145, 0
680,685,140,145, 0
700,705,140,145, 0
720,725,140,145, 0
740,745,140,145, 0
760,765,140,145, 0
780,785,140,145, 0
800,805,140,145, 0
820,825,140,145, 0
840,845,140,145, 0
860,865,140,145, 0
880,885,140,145, 0
900,905,140,145, 0
920,925,140,145, 0
940,945,140,145, 0
960,965,140,145, 0
980,985,140,145, 0
1000,1005,140,145, 0
1020,1025,140,145, 0
1040,1045,140,145, 0
1060,1065,140,145, 0
0,5,160,165, 0
20,25,160,165, 0
40,45,160,165, 0
60,65,160,165, 0
80,85,160,165, 0
100,105,160,165, 0
120,125,160,165, 0
140,145,160,165, 0
160,165,160,165, 0
180,185,160,165, 0
200,205,160,165, 0
220,225,160,165, 0
240,245,160,165, 0
260,265,160,165, 0
280,285,160,165, 0
300,305,160,165, 0
320,325,160,165, 0
340,345,160,165, 0
360,365,160,165, 0
380,385,160,165, 0
400,405,160,165, 0
420,425,160,165, 0
440,445,160,165, 0
460,465,160,165, 0
480,485,160,165, 0
500,505,160,165, 0
520,525,160,165, 0
540,545,160,165, 0
560,565,160,165, 0
580,585,160,165, 0
600,605,160,165, 0
620,625,160,165, 0
640,645,160,165, 0
660,665,160,165, 0
680,685,160,165, 0
700,705,160,165, 0
720,725,160,165, 0
740,745,160,165, 0
760,765,160,165, 0
780,785,160,165, 0
800,805,160,165, 0
820,825,160,165, 0
840,845,160,165, 0
860,865,160,165, 0
880,885,160,165, 0
900,905,160,165, 0
920,925,160,165, 0
940,945,160,165, 0
960,965,160,165, 0
980,985,160,165, 0
1000,1005,160,165, 0
1020,1025,160,165, 0
1040,1045,160,165, 0
1060,1065,160,165, 0
0,5,180,185, 0
20,25,180,185, 0
40,45,180,185, 0
60,65,180,185, 0
80,85,180,185, 0
100,105,180,185, 0
120,125,180,185, 0
140,145,180,185, 0
160,165,180,185, 0
180,185,180,185, 0
200,205,180,185, 0
220,225,180,185, 0
240,245,180,185, 0
260,265,180,185, 0
280,285,180,185, 0
300,305,180,185, 0
320,325,180,185, 0
340,345,180,185, 0
360,365,180,185, 0
380,385,180,185, 0
400,405,180,185, 0
420,425,180,185, 0
440,445,180,185, 0
460,465,180,185, 0
480,485,180,185, 0
500,505,180,185, 0
520,525,180,185, 0
540,545,180,185, 0
560,565,180,185, 0
580,585,180,185, 0
600,605,180,185, 0
620,625,180,185, 0
640,645,180,185, 0
660,665,180,185, 0
680,685,180,185, 0
700,705,180,185, 0
720,725,180,185, 0
740,745,180,185, 0
760,765,180,185, 0
780,785,180,185, 0
800,805,180,185, 0
820,825,180,185, 0
840,845,180,185, 0
860,865,180,185, 0
880,885,180,185, 0
900,905,180,185, 0
920,925,180,185, 0
940,945,180,185, 0
960,965,180,185, 0
980,985,180,185, 0
1000,1005,180,185, 0
1020,1025,180,185, 0
1040,1045,180,185, 0
1060,1065,180,185, 0
0,5,200,205, 0
20,25,200,205, 0
40,45,200,205, 0
60,65,200,205, 0
80,85,200,205, 0
100,105,200,205, 0
120,125,200,205, 0
140,145,200,205, 0
160,165,200,205, 0
180,185,200,205, 0
200,205,200,205, 0
220,225,200,205, 0
240,245,200,205, 0
260,265,200,205, 0
280,285,200,205, 0
300,305,200,205, 0
320,325,200,205, 0
340,345,200,205, 0
360,365,200,205, 0
380,385,200,205, 0
400,405,200,205, 0
420,425,200,205, 0
440,445,200,205, 0
460,465,200,205, 0
480,485,200,205, 0
500,505,200,205, 0
520,525,200,205, 0
540,545,200,205, 0
560,565,200,205, 0
580,585,200,205, 0
600,605,200,205, 0
620,625,200,205, 0
640,645,200,205, 0
660,665,200,205, 0
680,685,200,205, 0
700,705,200,205, 0
720,725,200,205, 0
740,745,200,205, 0
760,765,200,205, 0
780,785,200,205, 0
800,805,200,205, 0
820,825,200,205, 0
840,845,200,205, 0
860,865,200,205, 0
880,885,200,205, 0
900,905,200,205, 0
920,925,200,205, 0
940,945,200,205, 0
960,965,200,205, 0
980,985,200,205, 0
1000,1005,200,205, 0
1020,1025,200,205, 0
1040,1045,200,205, 0
1060,1065,200,205, 0
0,5,220,225, 0
20,25,220,225, 0
40,45,220,225, 0
60,65,220,225, 0
80,85,220,225, 0
100,105,220,225, 0
120,125,220,225, 0
140,145,220,225, 0
160,165,220,225, 0
180,185,220,225, 0
200,205,220,225, 0
220,225,220,225, 0
240,245,220,225, 0
260,265,220,225, 0
280,285,220,225, 0
300,305,220,225, 0
320,325,220,225, 0
340,345,220,225, 0
360,365,220,225, 0
380,385,220,225, 0
400,405,220,225, 0
420,425,220,225, 0
440,445,220,225, 0
460,465,220,225, 0
480,485,220,225, 0
500,505,220,225, 0
520,525,220,225, 0
540,545,220,225, 0
560,565,220,225, 0
580,585,220,225, 0
600,605,220,225, 0
620,625,220,225, 0
640,645,220,225, 0
660,665,220,225, 0
680,685,220,225, 0
700,705,220,225, 0
720,725,220,225, 0
740,745,220,225, 0
760,765,220,225, 0
780,785,220,225, 0
800,805,220,225, 0
820,825,220,225, 0
840,845,220,225, 0
860,865,220,225, 0
880,885,220,225, 0
900,905,220,225, 0
920,925,220,225, 0
940,945,220,225, 0
960,965,220,225, 0
980,985,220,225, 0
1000,1005,220,225, 0
1020,1025,220,225, 0
1040,1045,220,225, 0
1060,1065,220,225, 0
0,5,240,245, 0
20,25,240,245, 0
40,45,240,245, 0
60,65,240,245, 0
80,85,240,245, 0
100,105,240,245, 0
120,125,240,245, 0
140,145,240,245, 0
160,165,240,245, 0
180,185,240,245, 0
200,205,240,245, 0
220,225,240,245, 0
240,245,240,245, 0
260,265,240,245, 0
280,285,240,245, 0
300,305,240,245, 0
320,325,240,245, 0
340,345,240,245, 0
360,365,240,245, 0
380,385,240,245, 0
400,405,240,245, 0
420,425,240,245, 0
440,445,240,245, 0
460,465,240,245, 0
480,485,240,245, 0
500,505,240,245, 0
520,525,240,245, 0
540,545,240,245, 0
560,565,240,245, 0
580,585,240,245, 0
600,605,240,245, 0
620,625,240,245, 0
640,645,240,245, 0
660,665,240,245, 0
680,685,240,245, 0
700,705,240,245, 0
720,725,240,245, 0
740,745,240,245, 0
760,765,240,245, 0
780,785,240,245, 0
800,805,240,245, 0
820,825,240,245, 0
840,845,240,245, 0
860,865,240,245, 0
880,885,240,245, 0
900,905,240,245, 0
920,925,240,245, 0
940,945,240,245, 0
960,965,240,245, 0
980,985,240,245, 0
1000,1005,240,245, 0
1020,1025,240,245, 0
1040,1045,240,245, 0
1060,1065,240,245, 0
0,5,260,265, 0
20,25,260,265, 0
40,45,260,265, 0
60,65,260,265, 0
80,85,260,265, 0
100,105,260,265, 0
120,125,260,265, 0
140,145,260,265, 0
160,165,260,265, 0
180,185,260,265, 0
200,205,260,265, 0
220,225,260,265, 0
240,245,260,265, 0
260,265,260,265, 0
280,285,260,265, 0
300,305,260,265, 0
320,325,260,265, 0
340,345,260,265, 0
360,365,260,265, 0
380,385,260,265, 0
400,405,260,265, 0
420,425,260,265, 0
440,445,260,265, 0
460,465,260,265, 0
480,485,260,265, 0
500,505,260,265, 0
520,525,260,265, 0
540,545,260,265, 0
560,565,260,265, 0
580,585,260,265, 0
600,605,260,265, 0
620,625,260,265, 0
640,645,260,265, 0
660,665,260,265, 0
680,685,260,265, 0
700,705,260,265, 0
720,725,260,265, 0
740,745,260,265, 0
760,765,260,265, 0
780,785,260,265, 0
800,805,260,265, 0
820,825,260,265, 0
840,845,260,265, 0
860,865,260,265, 0
880,885,260,265, 0
900,905,260,265, 0
920,925,260,265, 0
940,945,260,265, 0
960,965,260,265, 0
980,985,260,265, 0
1000,1005,260,265, 0
1020,1025,260,265, 0
1040,1045,260,265, 0
1060,1065,260,265, 0
0,5,280,285, 0
20,25,280,285, 0
40,45,280,285, 0
60,65,280,285, 0
80,85,280,285, 0
100,105,280,285, 0
120,125,280,285, 0
140,145,280,285, 0
160,165,280,285, 0
180,185,280,285, 0
200,205,280,285, 0
220,225,280,285, 0
240,245,280,285, 0
260,265,280,285, 0
280,285,280,285, 0
300,305,280,285, 0
320,325,280,285, 0
340,345,280,285, 0
360,365,280,285, 0
380,385,280,285, 0
400,405,280,285, 0
420,425,280,285, 0
440,445,280,285, 0
460,465,280,285, 0
480,485,280,285, 0
500,505,280,285, 0
520,525,280,285, 0
540,545,280,285, 0
560,565,280,285, 0
580,585,280,285, 0
600,605,280,285, 0
620,625,280,285, 0
640,645,280,285, 0
660,665,280,285, 0
680,685,280,285, 0
700,705,280,285, 0
720,725,280,285, 0
740,745,280,285, 0
760,765,280,285, 0
780,785,280,285, 0
800,805,280,285, 0
820,825,280,285, 0
840,845,280,285, 0
860,865,280,285, 0
880,885,280,285, 0
900,905,280,285, 0
920,925,280,285, 0
940,945,280,285, 0
960,965,280,285, 0
980,985,280,285, 0
1000,1005,280,285, 0
1020,1025,280,285, 0
1040,1045,280,285, 0
1060,1065,280,285, 0
0,5,300,305, 0
20,25,300,305, 0
40,45,300,305, 0
60,65,300,305, 0
80,85,300,305, 0
100,105,300,305, 0
120,125,300,305, 0
140,145,300,305, 0
160,165,300,305, 0
180,185,300,305, 0
200,205,300,305, 0
220,225,300,305, 0
240,245,300,305, 0
260,265,300,305, 0
280,285,300,305, 0
300,305,300,305, 0
320,325,300,305, 0
340,345,300,305, 0
360,365,300,305, 0
380,385,300,305, 0
400,405,300,305, 0
420,425,300,305, 0
440,445,300,305, 0
460,465,300,305, 0
480,485,300,305, 0
500,505,300,305, 0
520,525,300,305, 0
540,545,300,305, 0
560,565,300,305, 0
580,585,300,305, 0
600,605,300,305, 0
620,625,300,305, 0
640,645,300,305, 0
660,665,300,305, 0
680,685,300,305, 0
700,705,300,305, 0
720,725,300,305, 0
740,745,300,305, 0
760,765,300,305, 0
780,785,300,305, 0
800,805,300,305, 0
820,825,300,305, 0
840,845,300,305, 0
860,865,300,305, 0
880,885,300,305, 0
900,905,300,305, 0
920,925,300,305, 0
940,945,300,305, 0
960,965,300,305, 0
980,985,300,305, 0
1000,1005,300,305, 0
1020,1025,300,305, 0
1040,1045,300,305, 0
1060,1065,300,305, 0
0,5,320,325, 0
20,25,320,325, 0
40,45,320,325, 0
60,65,320,325, 0
80,85,320,325, 0
100,105,320,325, 0
120,125,320,325, 0
140,145,320,325, 0
160,165,320,325, 0
180,185,320,325, 0
200,205,320,325, 0
220,225,320,325, 0
240,245,320,325, 0
260,265,320,325, 0
280,285,320,325, 0
300,305,320,325, 0
320,325,320,325, 0
340,345,320,325, 0
360,365,320,325, 0
380,385,320,325, 0
400,405,320,325, 0
420,425,320,325, 0
440,445,320,325, 0
460,465,320,325, 0
480,485,320,325, 0
500,505,320,325, 0
520,525,320,325, 0
540,545,320,325, 0
560,565,320,325, 0
580,585,320,325, 0
600,605,320,325, 0
620,625,320,325, 0
640,645,320,325, 0
660,665,320,325, 0
680,685,320,325, 0
700,705,320,325, 0
720,725,320,325, 0
740,745,320,325, 0
760,765,320,325, 0
780,785,320,325, 0
800,805,320,325, 0
820,825,320,325, 0
840,845,320,325, 0
860,865,320,325, 0
880,885,320,325, 0
900,905,320,325, 0
920,925,320,325, 0
940,945,320,325, 0
960,965,320,325, 0
980,985,320,325, 0
1000,1005,320,325, 0
1020,1025,320,325, 0
1040,1045,320,325, 0
1060,1065,320,325, 0
0,5,340,345, 0
20,25,340,345, 0
40,45,340,345, 0
60,65,340,345, 0
80,85,340,345, 0
100,105,340,345, 0
120,125,340,345, 0
140,145,340,345, 0
160,165,340,345, 0
180,185,340,345, 0
200,205,340,345, 0
220,225,340,345, 0
240,245,340,345, 0
260,265,340,345, 0
280,285,340,345, 0
300,305,340,345, 0
320,325,340,345, 0
340,345,340,345, 0
360,365,340,345, 0
380,385,340,345, 0
400,405,340,345, 0
420,425,340,345, 0
440,445,340,345, 0
460,465,340,345, 0
480,485,340,345, 0
500,505,340,345, 0
520,525,340,345, 0
540,545,340,345, 0
560,565,340,345, 0
580,585,340,345, 0
600,605,340,345, 0
620,625,340,345, 0
640,645,340,345, 0
660,665,340,345, 0
680,685,340,345, 0
700,705,340,345, 0
720,725,340,345, 0
740,745,340,345, 0
760,765,340,345, 0
780,785,340,345, 0
800,805,340,345, 0
820,825,340,345, 0
840,845,340,345, 0
860,865,340,345, 0
880,885,340,345, 0
900,905,340,345, 0
920,925,340,345, 0
940,945,340,345, 0
960,965,340,345, 0
980,985,340,345, 0
1000,1005,340,345, 0
1020,1025,340,345, 0
1040,1045,340,345, 0
1060,1065,340,345, 0
0,5,360,365, 0
20,25,360,365, 0
40,45,360,365, 0
60,65,360,365, 0
80,85,360,365, 0
100,105,360,365, 0
120,125,360,365, 0
140,145,360,365, 0
160,165,360,365, 0
180,185,360,365, 0
200,205,360,365, 0
220,225,360,365, 0
240,245,360,365, 0
260,265,360,365, 0
280,285,360,365, 0
300,305,360,365, 0
320,325,360,365, 0
340,345,360,365, 0
360,365,360,365, 0
380,385,360,365, 0
400,405,360,365, 0
420,425,360,365, 0
440,445,360,365, 0
460,465,360,365, 0
480,485,360,365, 0
500,505,360,365, 0
520,525,360,365, 0
540,545,360,365, 0
560,565,360,365, 0
580,585,360,365, 0
600,605,360,365, 0
620,625,360,365, 0
640,645,360,365, 0
660,665,360,365, 0
680,685,360,365, 0
700,705,360,365, 0
720,725,360,365, 0
740,745,360,365, 0
760,765,360,365, 0
780,785,360,365, 0
800,805,360,365, 0
820,825,360,365, 0
840,845,360,365, 0
860,865,360,365, 0
880,885,360,365, 0
900,905,360,365, 0
920,925,360,365, 0
940,945,360,365, 0
960,965,360,365, 0
980,985,360,365, 0
1000,1005,360,365, 0
1020,1025,360,365, 0
1040,1045,360,365, 0
1060,1065,360,365, 0
0,5,380,385, 0
20,25,380,385, 0
40,45,380,385, 0
60,65,380,385, 0
80,85,380,385, 0
100,105,380,385, 0
120,125,380,385, 0
140,145,380,385, 0
160,165,380,385, 0
180,185,380,385, 0
200,205,380,385, 0
220,225,380,385, 0
240,245,380,385, 0
260,265,380,385, 0
280,285,380,385, 0
300,305,380,385, 0
320,325,380,385, 0
340,345,380,385, 0
360,365,380,385, 0
380,385,380,385, 0
400,405,380,385, 0
420,425,380,385, 0
440,445,380,385, 0
460,465,380,385, 0
480,485,380,385, 0
500,505,380,385, 0
520,525,380,385, 0
540,545,380,385, 0
560,565,380,385, 0
580,585,380,385, 0
600,605,380,385, 0
620,625,380,385, 0
640,645,380,385, 0
660,665,380,385, 0
680,685,380,385, 0
700,705,380,385, 0
720,725,380,385, 0
740,745,380,385, 0
760,765,380,385, 0
780,785,380,385, 0
800,805,380,385, 0
820,825,380,385, 0
840,845,380,385, 0
860,865,380,385, 0
880,885,380,385, 0
900,905,380,385, 0
920,925,380,385, 0
940,945,380,385, 0
960,965,380,385, 0
980,985,380,385, 0
1000,1005,380,385, 0
1020,1025,380,385, 0
1040,1045,380,385, 0
1060,1065,380,385, 0
0,5,400,405, 0
20,25,400,405, 0
40,45,400,405, 0
60,65,400,405, 0
80,85,400,405, 0
100,105,400,405, 0
120,125,400,405, 0
140,145,400,405, 0
160,165,400,405, 0
180,185,400,405, 0
200,205,400,405, 0
220,225,400,405, 0
240,245,400,405, 0
260,265,400,405, 0
280,285,400,405, 0
300,305,400,405, 0
320,325,400,405, 0
340,345,400,405, 0
360,365,400,405, 0
380,385,400,405, 0
400,405,400,405, 0
420,425,400,405, 0
440,445,400,405, 0
460,465,400,405, 0
480,485,400,405, 0
500,505,400,405, 0
520,525,400,405, 0
540,545,400,405, 0
560,565,400,405, 0
580,585,400,405, 0
600,605,400,405, 0
620,625,400,405, 0
640,645,400,405, 0
660,665,400,405, 0
680,685,400,405, 0
700,705,400,405, 0
720,725,400,405, 0
740,745,400,405, 0
760,765,400,405, 0
780,785,400,405, 0
800,805,400,405, 0
820,825,400,405, 0
840,845,400,405, 0
860,865,400,405, 0
880,885,400,405, 0
900,905,400,405, 0
920,925,400,405, 0
940,945,400,405, 0
960,965,400,405, 0
980,985,400,405, 0
1000,1005,400,405, 0
1020,1025,400,405, 0
1040,1045,400,405, 0
1060,1065,400,405, 0
0,5,420,425, 0
20,25,420,425, 0
40,45,420,425, 0
60,65,420,425, 0
80,85,420,425, 0
100,105,420,425, 0
120,125,420,425, 0
140,145,420,425, 0
160,165,420,425, 0
180,185,420,425, 0
200,205,420,425, 0
220,225,420,425, 0
240,245,420,425, 0
260,265,420,425, 0
280,285,420,425, 0
300,305,420,425, 0
320,325,420,425, 0
340,345,420,425, 0
360,365,420,425, 0
380,385,420,425, 0
400,405,420,425, 0
420,425,420,425, 0
440,445,420,425, 0
460,465,420,425, 0
480,485,420,425, 0
500,505,420,425, 0
520,525,420,425, 0
540,545,420,425, 0
560,565,420,425, 0
580,585,420,425, 0
600,605,420,425, 0
620,625,420,425, 0
640,645,420,425, 0
660,665,420,425, 0
680,685,420,425, 0
700,705,420,425, 0
720,725,420,425, 0
740,745,420,425, 0
760,765,420,425, 0
780,785,420,425, 0
800,805,420,425, 0
820,825,420,425, 0
840,845,420,425, 0
860,865,420,425, 0
880,885,420,425, 0
900,905,420,425, 0
920,925,420,425, 0
940,945,420,425, 0
960,965,420,425, 0
980,985,420,425, 0
1000,1005,420,425, 0
1020,1025,420,425, 0
1040,1045,420,425, 0
1060,1065,420,425, 0
0,5,440,445, 0
20,25,440,445, 0
40,45,440,445, 0
60,65,440,445, 0
80,85,440,445, 0
100,105,440,445, 0
120,125,440,445, 0
140,145,440,445, 0
160,165,440,445, 0
180,185,440,445, 0
200,205,440,445, 0
220,225,440,445, 0
240,245,440,445, 0
260,265,440,445, 0
280,285,440,445, 0
300,305,440,445, 0
320,325,440,445, 0
340,345,440,445, 0
360,365,440,445, 0
380,385,440,445, 0
400,405,440,445, 0
420,425,440,445, 0
440,445,440,445, 0
460,465,440,445, 0
480,485,440,445, 0
500,505,440,445, 0
520,525,440,445, 0
540,545,440,445, 0
560,565,440,445, 0
580,585,440,445, 0
600,605,440,445, 0
620,625,440,445, 0
640,645,440,445, 0
660,665,440,445, 0
680,685,440,445, 0
700,705,440,445, 0
720,725,440,445, 0
740,745,440,445, 0
760,765,440,445, 0
780,785,440,445, 0
800,805,440,445, 0
820,825,440,445, 0
840,845,440,445, 0
860,865,440,445, 0
880,885,440,445, 0
900,905,440,445, 0
920,925,440,445, 0
940,945,440,445, 0
960,965,440,445, 0
980,985,440,445, 0
1000,1005,440,445, 0
1020,1025,440,445, 0
1040,1045,440,445, 0
1060,1065,440,445, 0
0,5,460,465, 0
20,25,460,465, 0
40,45,460,465, 0
60,65,460,465, 0
80,85,460,465, 0
100,105,460,465, 0
120,125,460,465, 0
140,145,460,465, 0
160,165,460,465, 0
180,185,460,465, 0
200,205,460,465, 0
220,225,460,465, 0
240,245,460,465, 0
260,265,460,465, 0
280,285,460,465, 0
300,305,460,465, 0
320,325,460,465, 0
340,345,460,465, 0
360,365,460,465, 0
380,385,460,465, 0
400,405,460,465, 0
420,425,460,465, 0
440,445,460,465, 0
460,465,460,465, 0
480,485,460,465, 0
500,505,460,465, 0
520,525,460,465, 0
540,545,460,465, 0
560,565,460,465, 0
580,585,460,465, 0
600,605,460,465, 0
620,625,460,465, 0
640,645,460,465, 0
660,665,460,465, 0
680,685,460,465, 0
700,705,460,465, 0
720,725,460,465, 0
740,745,460,465, 0
760,765,460,465, 0
780,785,460,465, 0
800,805,460,465, 0
820,825,460,465, 0
840,845,460,465, 0
860,865,460,465, 0
880,885,460,465, 0
900,905,460,465, 0
920,925,460,465, 0
940,945,460,465, 0
960,965,460,465, 0
980,985,460,465, 0
1000,1005,460,465, 0
1020,1025,460,465, 0
1040,1045,460,465, 0
1060,1065,460,465, 0
0,5,480,485, 0
20,25,480,485, 0
40,45,480,485, 0
60,65,480,485, 0
80,85,480,485, 0
100,105,480,485, 0
120,125,480,485, 0
140,145,480,485, 0
160,165,480,485, 0
180,185,480,485, 0
200,205,480,485, 0
220,225,480,485, 0
240,245,480,485, 0
260,265,480,485, 0
280,285,480,485, 0
300,305,480,485, 0
320,325,480,485, 0
340,345,480,485, 0
360,365,480,485, 0
380,385,480,485, 0
400,405,480,485, 0
420,425,480,485, 0
440,445,480,485, 0
460,465,480,485, 0
480,485,480,485, 0
500,505,480,485, 0
520,525,480,485, 0
540,545,480,485, 0
560,565,480,485, 0
580,585,480,485, 0
600,605,480,485, 0
620,625,480,485, 0
640,645,480,485, 0
660,665,480,485, 0
680,685,480,485, 0
700,705,480,485, 0
720,725,480,485, 0
740,745,480,485, 0
760,765,480,485, 0
780,785,480,485, 0
800,805,480,485, 0
820,825,480,485, 0
840,845,480,485, 0
860,865,480,485, 0
880,885,480,485, 0
900,905,480,485, 0
920,925,480,485, 0
940,945,480,485, 0
960,965,480,485, 0
980,985,480,485, 0
1000,1005,480,485, 0
1020,1025,480,485, 0
1040,1045,480,485, 0
1060,1065,480,485, 0
0,5,500,505, 0
20,25,500,505, 0
40,45,500,505, 0
60,65,500,505, 0
80,85,500,505, 0
100,105,500,505, 0
120,125,500,505, 0
140,145,500,505, 0
160,165,500,505, 0
180,185,500,505, 0
200,205,500,505, 0
220,225,500,505, 0
240,245,500,505, 0
260,265,500,505, 0
280,285,500,505, 0
300,305,500,505, 0
320,325,500,505, 0
340,345,500,505, 0
360,365,500,505, 0
380,385,500,505, 0
400,405,500,505, 0
420,425,500,505, 0
440,445,500,505, 0
460,465,500,505, 0
480,485,500,505, 0
500,505,500,505, 0
520,525,500,505, 0
540,545,500,505, 0
560,565,500,505, 0
580,585,500,505, 0
600,605,500,505, 0
620,625,500,505, 0
640,645,500,505, 0
660,665,500,505, 0
680,685,500,505, 0
700,705,500,505, 0
720,725,500,505, 0
740,745,500,505, 0
760,765,500,505, 0
780,785,500,505, 0
800,805,500,505, 0
820,825,500,505, 0
840,845,500,505, 0
860,865,500,505, 0
880,885,500,505, 0
900,905,500,505, 0
920,925,500,505, 0
940,945,500,505, 0
960,965,500,505, 0
980,985,500,505, 0
1000,1005,500,505, 0
1020,1025,500,505, 0
1040,1045,500,505, 0
1060,1065,500,505, 0
0,5,520,525, 0
20,25,520,525, 0
40,45,520,525, 0
60,65,520,525, 0
80,85,520,525, 0
100,105,520,525, 0
120,125,520,525, 0
140,145,520,525, 0
160,165,520,525, 0
180,185,520,525, 0
200,205,520,525, 0
220,225,520,525, 0
240,245,520,525, 0
260,265,520,525, 0
280,285,520,525, 0
300,305,520,525, 0
320,325,520,525, 0
340,345,520,525, 0
360,365,520,525, 0
380,385,520,525, 0
400,405,520,525, 0
420,425,520,525, 0
440,445,520,525, 0
460,465,520,525, 0
480,485,520,525, 0
500,505,520,525, 0
520,525,520,525, 0
540,545,520,525, 0
560,565,520,525, 0
580,585,520,525, 0
600,605,520,525, 0
620,625,520,525, 0
640,645,520,525, 0
660,665,520,525, 0
680,685,520,525, 0
700,705,520,525, 0
720,725,520,525, 0
740,745,520,525, 0
760,765,520,525, 0
780,785,520,525, 0
800,805,520,525, 0
820,825,520,525, 0
840,845,520,525, 0
860,865,520,525, 0
880,885,520,525, 0
900,905,520,525, 0
920,925,520,525, 0
940,945,520,525, 0
960,965,520,525, 0
980,985,520,525, 0
1000,1005,520,525, 0
1020,1025,520,525, 0
1040,1045,520,525, 0
1060,1065,520,525, 0
0,5,540,545, 0
20,25,540,545, 0
40,45,540,545, 0
60,65,540,545, 0
80,85,540,545, 0
100,105,540,545, 0
120,125,540,545, 0
140,145,540,545, 0
160,165,540,545, 0
180,185,540,545, 0
200,205,540,545, 0
220,225,540,545, 0
240,245,540,545, 0
260,265,540,545, 0
280,285,540,545, 0
300,305,540,545, 0
320,325,540,545, 0
340,345,540,545, 0
360,365,540,545, 0
380,385,540,545, 0
400,405,540,545, 0
420,425,540,545, 0
440,445,540,545, 0
460,465,540,545, 0
480,485,540,545, 0
500,505,540,545, 0
520,525,540,545, 0
540,545,540,545, 0
560,565,540,545, 0
580,585,540,545, 0
600,605,540,545, 0
620,625,540,545, 0
640,645,540,545, 0
660,665,540,545, 0
680,685,540,545, 0
700,705,540,545, 0
720,725,540,545, 0
740,745,540,545, 0
760,765,540,545, 0
780,785,540,545, 0
800,805,540,545, 0
820,825,540,545, 0
840,845,540,545, 0
860,865,540,545, 0
880,885,540,545, 0
900,905,540,545, 0
920,925,540,545, 0
940,945,540,545, 0
960,965,540,545, 0
980,985,540,545, 0
1000,1005,540,545, 0
1020,1025,540,545, 0
1040,1045,540,545, 0
1060,1065,540,545, 0
0,5,560,565, 0
20,25,560,565, 0
40,45,560,565, 0
60,65,560,565, 0
80,85,560,565, 0
100,105,560,565, 0
120,125,560,565, 0
140,145,560,565, 0
160,165,560,565, 0
180,185,560,565, 0
200,205,560,565, 0
220,225,560,565, 0
240,245,560,565, 0
260,265,560,565, 0
280,285,560,565, 0
300,305,560,565, 0
320,325,560,565, 0
340,345,560,565, 0
360,365,560,565, 0
380,385,560,565, 0
400,405,560,565, 0
420,425,560,565, 0
440,445,560,565, 0
460,465,560,565, 0
480,485,560,565, 0
500,505,560,565, 0
520,525,560,565, 0
540,545,560,565, 0
560,565,560,565, 0
580,585,560,565, 0
600,605,560,565, 0
620,625,560,565, 0
640,645,560,565, 0
660,665,560,565, 0
680,685,560,565, 0
700,705,560,565, 0
720,725,560,565, 0
740,745,560,565, 0
760,765,560,565, 0
780,785,560,565, 0
800,805,560,565, 0
820,825,560,565, 0
840,845,560,565, 0
860,865,560,565, 0
880,885,560,565, 0
900,905,560,565, 0
920,925,560,565, 0
940,945,560,565, 0
960,965,560,565, 0
980,985,560,565, 0
1000,1005,560,565, 0
1020,1025,560,565, 0
1040,1045,560,565, 0
1060,1065,560,565, 0
0,5,580,585, 0
20,25,580,585, 0
40,45,580,585, 0
60,65,580,585, 0
80,85,580,585, 0
100,105,580,585, 0
120,125,580,585, 0
140,145,580,585, 0
160,165,580,585, 0
180,185,580,585, 0
200,205,580,585, 0
220,225,580,585, 0
240,245,580,585, 0
260,265,580,585, 0
280,285,580,585, 0
300,305,580,585, 0
320,325,580,585, 0
340,345,580,585, 0
360,365,580,585, 0
380,385,580,585, 0
400,405,580,585, 0
420,425,580,585, 0
440,445,580,585, 0
460,465,580,585, 0
480,485,580,585, 0
500,505,580,585, 0
520,525,580,585, 0
540,545,580,585, 0
560,565,580,585, 0
580,585,580,585, 0
600,605,580,585, 0
620,625,580,585, 0
640,645,580,585, 0
660,665,580,585, 0
680,685,580,585, 0
700,705,580,585, 0
720,725,580,585, 0
740,745,580,585, 0
760,765,580,585, 0
780,785,580,585, 0
800,805,580,585, 0
820,825,580,585, 0
840,845,580,585, 0
860,865,580,585, 0
880,885,580,585, 0
900,905,580,585, 0
920,925,580,585, 0
940,945,580,585, 0
960,965,580,585, 0
980,985,580,585, 0
1000,1005,580,585, 0
1020,1025,580,585, 0
1040,1045,580,585, 0
1060,1065,580,585, 0
0,5,600,605, 0
20,25,600,605, 0
40,45,600,605, 0
60,65,600,605, 0
80,85,600,605, 0
100,105,600,605, 0
120,125,600,605, 0
140,145,600,605, 0
160,165,600,605, 0
180,185,600,605, 0
200,205,600,605, 0
220,225,600,605, 0
240,245,600,605, 0
260,265,600,605, 0
280,285,600,605, 0
300,305,600,605, 0
320,325,600,605, 0
340,345,600,605, 0
360,365,600,605, 0
380,385,600,605, 0
400,405,600,605, 0
420,425,600,605, 0
440,445,600,605, 0
460,465,600,605, 0
480,485,600,605, 0
500,505,600,605, 0
520,525,600,605, 0
540,545,600,605, 0
560,565,600,605, 0
580,585,600,605, 0
600,605,600,605, 0
620,625,600,605, 0
640,645,600,605, 0
660,665,600,605, 0
680,685,600,605, 0
700,705,600,605, 0
720,725,600,605, 0
740,745,600,605, 0
760,765,600,605, 0
780,785,600,605, 0
800,805,600,605, 0
820,825,600,605, 0
840,845,600,605, 0
860,865,600,605, 0
880,885,600,605, 0
900,905,600,605, 0
920,925,600,605, 0
940,945,600,605, 0
960,965,600,605, 0
980,985,600,605, 0
1000,1005,600,605, 0
1020,1025,600,605, 0
1040,1045,600,605, 0
1060,1065,600,605, 0
0,5,620,625, 0
20,25,620,625, 0
40,45,620,625, 0
60,65,620,625, 0
80,85,620,625, 0
100,105,620,625, 0
120,125,620,625, 0
140,145,620,625, 0
160,165,620,625, 0
180,185,620,625, 0
200,205,620,625, 0
220,225,620,625, 0
240,245,620,625, 0
260,265,620,625, 0
280,285,620,625, 0
300,305,620,625, 0
320,325,620,625, 0
340,345,620,625, 0
360,365,620,625, 0
380,385,620,625, 0
400,405,620,625, 0
420,425,620,625, 0
440,445,620,625, 0
460,465,620,625, 0
480,485,620,625, 0
500,505,620,625, 0
520,525,620,625, 0
540,545,620,625, 0
560,565,620,625, 0
580,585,620,625, 0
600,605,620,625, 0
620,625,620,625, 0
640,645,620,625, 0
660,665,620,625, 0
680,685,620,625, 0
700,705,620,625, 0
720,725,620,625, 0
740,745,620,625, 0
760,765,620,625, 0
780,785,620,625, 0
800,805,620,625, 0
820,825,620,625, 0
840,845,620,625, 0
860,865,620,625, 0
880,885,620,625, 0
900,905,620,625, 0
920,925,620,625, 0
940,945,620,625, 0
960,965,620,625, 0
980,985,620,625, 0
1000,1005,620,625, 0
1020,1025,620,625, 0
1040,1045,620,625, 0
1060,1065,620,625, 0
0,5,640,645, 0
20,25,640,645, 0
40,45,640,645, 0
60,65,640,645, 0
80,85,640,645, 0
100,105,640,645, 0
120,125,640,645, 0
140,145,640,645, 0
160,165,640,645, 0
180,185,640,645, 0
200,205,640,645, 0
220,225,640,645, 0
240,245,640,645, 0
260,265,640,645, 0
280,285,640,645, 0
300,305,640,645, 0
320,325,640,645, 0
340,345,640,645, 0
360,365,640,645, 0
380,385,640,645, 0
400,405,640,645, 0
420,425,640,645, 0
440,445,640,645, 0
460,465,640,645, 0
480,485,640,645, 0
500,505,640,645, 0
520,525,640,645, 0
540,545,640,645, 0
560,565,640,645, 0
580,585,640,645, 0
600,605,640,645, 0
620,625,640,645, 0
640,645,640,645, 0
660,665,640,645, 0
680,685,640,645, 0
700,705,640,645, 0
720,725,640,645, 0
740,745,640,645, 0
760,765,640,645, 0
780,785,640,645, 0
800,805,640,645, 0
820,825,640,645, 0
840,845,640,645, 0
860,865,640,645, 0
880,885,640,645, 0
900,905,640,645, 0
920,925,640,645, 0
940,945,640,645, 0
960,965,640,645, 0
980,985,640,645, 0
1000,1005,640,645, 0
1020,1025,640,645, 0
1040,1045,640,645, 0
1060,1065,640,645, 0
0,5,660,665, 0
20,25,660,665, 0
40,45,660,665, 0
60,65,660,665, 0
80,85,660,665, 0
100,105,660,665, 0
120,125,660,665, 0
140,145,660,665, 0
160,165,660,665, 0
180,185,660,665, 0
200,205,660,665, 0
220,225,660,665, 0
240,245,660,665, 0
260,265,660,665, 0
280,285,660,665, 0
300,305,660,665, 0
320,325,660,665, 0
340,345,660,665, 0
360,365,660,665, 0
380,385,660,665, 0
400,405,660,665, 0
420,425,660,665, 0
440,445,660,665, 0
460,465,660,665, 0
480,485,660,665, 0
500,505,660,665, 0
520,525,660,665, 0
540,545,660,665, 0
560,565,660,665, 0
580,585,660,665, 0
600,605,660,665, 0
620,625,660,665, 0
640,645,660,665, 0
660,665,660,665, 0
680,685,660,665, 0
700,705,660,665, 0
720,725,660,665, 0
740,745,660,665, 0
760,765,660,665, 0
780,785,660,665, 0
800,805,660,665, 0
820,825,660,665, 0
840,845,660,665, 0
860,865,660,665, 0
880,885,660,665, 0
900,905,660,665, 0
920,925,660,665, 0
940,945,660,665, 0
960,965,660,665, 0
980,985,660,665, 0
1000,1005,660,665, 0
1020,1025,660,665, 0
1040,1045,660,665, 0
1060,1065,660,665, 0
0,5,680,685, 0
20,25,680,685, 0
40,45,680,685, 0
60,65,680,685, 0
80,85,680,685, 0
100,105,680,685, 0
120,125,680,685, 0
140,145,680,685, 0
160,165,680,685, 0
180,185,680,685, 0
200,205,680,685, 0
220,225,680,685, 0
240,245,680,685, 0
260,265,680,685, 0
280,285,680,685, 0
300,305,680,685, 0
320,325,680,685, 0
340,345,680,685, 0
360,365,680,685, 0
380,385,680,685, 0
400,405,680,685, 0
420,425,680,685, 0
440,445,680,685, 0
460,465,680,685, 0
480,485,680,685, 0
500,505,680,685, 0
520,525,680,685, 0
540,545,680,685, 0
560,565,680,685, 0
580,585,680,685, 0
600,605,680,685, 0
620,625,680,685, 0
640,645,680,685, 0
660,665,680,685, 0
680,685,680,685, 0
700,705,680,685, 0
720,725,680,685, 0
740,745,680,685, 0
760,765,680,685, 0
780,785,680,685, 0
800,805,680,685, 0
820,825,680,685, 0
840,845,680,685, 0
860,865,680,685, 0
880,885,680,685, 0
900,905,680,685, 0
920,925,680,685, 0
940,945,680,685, 0
960,965,680,685, 0
980,985,680,685, 0
1000,1005,680,685, 0
1020,1025,680,685, 0
1040,1045,680,685, 0
1060,1065,680,685, 0
0,5,700,705, 0
20,25,700,705, 0
40,45,700,705, 0
60,65,700,705, 0
80,85,700,705, 0
100,105,700,705, 0
120,125,700,705, 0
140,145,700,705, 0
160,165,700,705, 0
180,185,700,705, 0
200,205,700,705, 0
220,225,700,705, 0
240,245,700,705, 0
260,265,700,705, 0
280,285,700,705, 0
300,305,700,705, 0
320,325,700,705, 0
340,345,700,705, 0
360,365,700,705, 0
380,385,700,705, 0
400,405,700,705, 0
420,425,700,705, 0
440,445,700,705, 0
460,465,700,705, 0
480,485,700,705, 0
500,505,700,705, 0
520,525,700,705, 0
540,545,700,705, 0
560,565,700,705, 0
580,585,700,705, 0
600,605,700,705, 0
620,625,700,705, 0
640,645,700,705, 0
660,665,700,705, 0
680,685,700,705, 0
700,705,700,705, 0
720,725,700,705, 0
740,745,700,705, 0
760,765,700,705, 0
780,785,700,705, 0
800,805,700,705, 0
820,825,700,705, 0
840,845,700,705, 0
860,865,700,705, 0
880,885,700,705, 0
900,905,700,705, 0
920,925,700,705, 0
940,945,700,705, 0
960,965,700,705, 0
980,985,700,705, 0
1000,1005,700,705, 0
1020,1025,700,705, 0
1040,1045,700,705, 0
1060,1065,700,705, 0
0,5,720,725, 0
20,25,720,725, 0
40,45,720,725, 0
60,65,720,725, 0
80,85,720,725, 0
100,105,720,725, 0
120,125,720,725, 0
140,145,720,725, 0
160,165,720,725, 0
180,185,720,725, 0
200,205,720,725, 0
220,225,720,725, 0
240,245,720,725, 0
260,265,720,725, 0
280,285,720,725, 0
300,305,720,725, 0
320,325,720,725, 0
340,345,720,725, 0
360,365,720,725, 0
380,385,720,725, 0
400,405,720,725, 0
420,425,720,725, 0
440,445,720,725, 0
460,465,720,725, 0
480,485,720,725, 0
500,505,720,725, 0
520,525,720,725, 0
540,545,720,725, 0
560,565,720,725, 0
580,585,720,725, 0
600,605,720,725, 0
620,625,720,725, 0
640,645,720,725, 0
660,665,720,725, 0
680,685,720,725, 0
700,705,720,725, 0
720,725,720,725, 0
740,745,720,725, 0
760,765,720,725, 0
780,785,720,725, 0
800,805,720,725, 0
820,825,720,725, 0
840,845,720,725, 0
860,865,720,725, 0
880,885,720,725, 0
900,905,720,725, 0
920,925,720,725, 0
940,945,720,725, 0
960,965,720,725, 0
980,985,720,725, 0
1000,1005,720,725, 0
1020,1025,720,725, 0
1040,1045,720,725, 0
1060,1065,720,725, 0
0,5,740,745, 0
20,25,740,745, 0
40,45,740,745, 0
60,65,740,745, 0
80,85,740,745, 0
100,105,740,745, 0
120,125,740,745, 0
140,145,740,745, 0
160,165,740,745, 0
180,185,740,745, 0
200,205,740,745, 0
220,225,740,745, 0
240,245,740,745, 0
260,265,740,745, 0
280,285,740,745, 0
300,305,740,745, 0
320,325,740,745, 0
340,345,740,745, 0
360,365,740,745, 0
380,385,740,745, 0
400,405,740,745, 0
420,425,740,745, 0
440,445,740,745, 0
460,465,740,745, 0
480,485,740,745, 0
500,505,740,745, 0
520,525,740,745, 0
540,545,740,745, 0
560,565,740,745, 0
580,585,740,745, 0
600,605,740,745, 0
620,625,740,745, 0
640,645,740,745, 0
660,665,740,745, 0
680,685,740,745, 0
700,705,740,745, 0
720,725,740,745, 0
740,745,740,745, 0
760,765,740,745, 0
780,785,740,745, 0
800,805,740,745, 0
820,825,740,745, 0
840,845,740,745, 0
860,865,740,745, 0
880,885,740,745, 0
900,905,740,745, 0
920,925,740,745, 0
940,945,740,745, 0
960,965,740,745, 0
980,985,740,745, 0
1000,1005,740,745, 0
1020,1025,740,745, 0
1040,1045,740,745, 0
1060,1065,740,745, 0
0,5,760,765, 0
20,25,760,765, 0
40,45,760,765, 0
60,65,760,765, 0
80,85,760,765, 0
100,105,760,765, 0
120,125,760,765, 0
140,145,760,765, 0
160,165,760,765, 0
180,185,760,765, 0
200,205,760,765, 0
220,225,760,765, 0
240,245,760,765, 0
260,265,760,765, 0
280,285,760,765, 0
300,305,760,765, 0
320,325,760,765, 0
340,345,760,765, 0
360,365,760,765, 0
380,385,760,765, 0
400,405,760,765, 0
420,425,760,765, 0
440,445,760,765, 0
460,465,760,765, 0
480,485,760,765, 0
500,505,760,765, 0
520,525,760,765, 0
540,545,760,765, 0
560,565,760,765, 0
580,585,760,765, 0
600,605,760,765, 0
620,625,760,765, 0
640,645,760,765, 0
660,665,760,765, 0
680,685,760,765, 0
700,705,760,765, 0
720,725,760,765, 0
740,745,760,765, 0
760,765,760,765, 0
780,785,760,765, 0
800,805,760,765, 0
820,825,760,765, 0
840,845,760,765, 0
860,865,760,765, 0
880,885,760,765, 0
900,905,760,765, 0
920,925,760,765, 0
940,945,760,765, 0
960,965,760,765, 0
980,985,760,765, 0
1000,1005,760,765, 0
1020,1025,760,765, 0
1040,1045,760,765, 0
1060,1065,760,765, 0
0,5,780,785, 0
20,25,780,785, 0
40,45,780,785, 0
60,65,780,785, 0
80,85,780,785, 0
100,105,780,785, 0
120,125,780,785, 0
140,145,780,785, 0
160,165,780,785, 0
180,185,780,785, 0
200,205,780,785, 0
220,225,780,785, 0
240,245,780,785, 0
260,265,780,785, 0
280,285,780,785, 0
300,305,780,785, 0
320,325,780,785, 0
340,345,780,785, 0
360,365,780,785, 0
380,385,780,785, 0
400,405,780,785, 0
420,425,780,785, 0
440,445,780,785, 0
460,465,780,785, 0
480,485,780,785, 0
500,505,780,785, 0
520,525,780,785, 0
540,545,780,785, 0
560,565,780,785, 0
580,585,780,785, 0
600,605,780,785, 0
620,625,780,785, 0
640,645,780,785, 0
660,665,780,785, 0
680,685,780,785, 0
700,705,780,785, 0
720,725,780,785, 0
740,745,780,785, 0
760,765,780,785, 0
780,785,780,785, 0
800,805,780,785, 0
820,825,780,785, 0
840,845,780,785, 0
860,865,780,785, 0
880,885,780,785, 0
900,905,780,785, 0
920,925,780,785, 0
940,945,780,785, 0
960,965,780,785, 0
980,985,780,785, 0
1000,1005,780,785, 0
1020,1025,780,785, 0
1040,1045,780,785, 0
1060,1065,780,785, 0
0,5,800,805, 0
20,25,800,805, 0
40,45,800,805, 0
60,65,800,805, 0
80,85,800,805, 0
100,105,800,805, 0
120,125,800,805, 0
140,145,800,805, 0
160,165,800,805, 0
180,185,800,805, 0
200,205,800,805, 0
220,225,800,805, 0
240,245,800,805, 0
260,265,800,805, 0
280,285,800,805, 0
300,305,800,805, 0
320,325,800,805, 0
340,345,800,805, 0
360,365,800,805, 0
380,385,800,805, 0
400,405,800,805, 0
420,425,800,805, 0
440,445,800,805, 0
460,465,800,805, 0
480,485,800,805, 0
500,505,800,805, 0
520,525,800,805, 0
540,545,800,805, 0
560,565,800,805, 0
580,585,800,805, 0
600,605,800,805, 0
620,625,800,805, 0
640,645,800,805, 0
660,665,800,805, 0
680,685,800,805, 0
700,705,800,805, 0
720,725,800,805, 0
740,745,800,805, 0
760,765,800,805, 0
780,785,800,805, 0
800,805,800,805, 0
820,825,800,805, 0
840,845,800,805, 0
860,865,800,805, 0
880,885,800,805, 0
900,905,800,805, 0
920,925,800,805, 0
940,945,800,805, 0
960,965,800,805, 0
980,985,800,805, 0
1000,1005,800,805, 0
1020,1025,800,805, 0
1040,1045,800,805, 0
1060,1065,800,805, 0
0,5,820,825, 0
20,25,820,825, 0
40,45,820,825, 0
60,65,820,825, 0
80,85,820,825, 0
100,105,820,825, 0
120,125,820,825, 0
140,145,820,825, 0
160,165,820,825, 0
180,185,820,825, 0
200,205,820,825, 0
220,225,820,825, 0
240,245,820,825, 0
260,265,820,825, 0
280,285,820,825, 0
300,305,820,825, 0
320,325,820,825, 0
340,345,820,825, 0
360,365,820,825, 0
380,385,820,825, 0
400,405,820,825, 0
420,425,820,825, 0
440,445,820,825, 0
460,465,820,825, 0
480,485,820,825, 0
500,505,820,825, 0
520,525,820,825, 0
540,545,820,825, 0
560,565,820,825, 0
580,585,820,825, 0
600,605,820,825, 0
620,625,820,825, 0
640,645,820,825, 0
660,665,820,825, 0
680,685,820,825, 0
700,705,820,825, 0
720,725,820,825, 0
740,745,820,825, 0
760,765,820,825, 0
780,785,820,825, 0
800,805,820,825, 0
820,825,820,825, 0
840,845,820,825, 0
860,865,820,825, 0
880,885,820,825, 0
900,905,820,825, 0
920,925,820,825, 0
940,945,820,825, 0
960,965,820,825, 0
980,985,820,825, 0
1000,1005,820,825, 0
1020,1025,820,825, 0
1040,1045,820,825, 0
1060,1065,820,825, 0
0,5,840,845, 0
20,25,840,845, 0
40,45,840,845, 0
60,65,840,845, 0
80,85,840,845, 0
100,105,840,845, 0
120,125,840,845, 0
140,145,840,845, 0
160,165,840,845, 0
180,185,840,845, 0
200,205,840,845, 0
220,225,840,845, 0
240,245,840,845, 0
260,265,840,845, 0
280,285,840,845, 0
300,305,840,845, 0
320,325,840,845, 0
340,345,840,845, 0
360,365,840,845, 0
380,385,840,845, 0
400,405,840,845, 0
420,425,840,845, 0
440,445,840,845, 0
460,465,840,845, 0
480,485,840,845, 0
500,505,840,845, 0
520,525,840,845, 0
540,545,840,845, 0
560,565,840,845, 0
580,585,840,845, 0
600,605,840,845, 0
620,625,840,845, 0
640,645,840,845, 0
660,665,840,845, 0
680,685,840,845, 0
700,705,840,845, 0
720,725,840,845, 0
740,745,840,845, 0
760,765,840,845, 0
780,785,840,845, 0
800,805,840,845, 0
820,825,840,845, 0
840,845,840,845, 0
860,865,840,845, 0
880,885,840,845, 0
900,905,840,845, 0
920,925,840,845, 0
940,945,840,845, 0
960,965,840,845, 0
980,985,840,845, 0
1000,1005,840,845, 0
1020,1025,840,845, 0
1040,1045,840,845, 0
1060,1065,840,845, 0
0,5,860,865, 0
20,25,860,865, 0
40,45,860,865, 0
60,65,860,865, 0
80,85,860,865, 0
100,105,860,865, 0
120,125,860,865, 0
140,145,860,865, 0
160,165,860,865, 0
180,185,860,865, 0
200,205,860,865, 0
220,225,860,865, 0
240,245,860,865, 0
260,265,860,865, 0
280,285,860,865, 0
300,305,860,865, 0
320,325,860,865, 0
340,345,860,865, 0
360,365,860,865, 0
380,385,860,865, 0
400,405,860,865, 0
420,425,860,865, 0
440,445,860,865, 0
460,465,860,865, 0
480,485,860,865, 0
500,505,860,865, 0
520,525,860,865, 0
540,545,860,865, 0
560,565,860,865, 0
580,585,860,865, 0
600,605,860,865, 0
620,625,860,865, 0
640,645,860,865, 0
660,665,860,865, 0
680,685,860,865, 0
700,705,860,865, 0
720,725,860,865, 0
740,745,860,865, 0
760,765,860,865, 0
780,785,860,865, 0
800,805,860,865, 0
820,825,860,865, 0
840,845,860,865, 0
860,865,860,865, 0
880,885,860,865, 0
900,905,860,865, 0
920,925,860,865, 0
940,945,860,865, 0
960,965,860,865, 0
980,985,860,865, 0
1000,1005,860,865, 0
1020,1025,860,865, 0
1040,1045,860,865, 0
1060,1065,860,865, 0
0,5,880,885, 0
20,25,880,885, 0
40,45,880,885, 0
60,65,880,885, 0
80,85,880,885, 0
100,105,880,885, 0
120,125,880,885, 0
140,145,880,885, 0
160,165,880,885, 0
180,185,880,885, 0
200,205,880,885, 0
220,225,880,885, 0
240,245,880,885, 0
260,265,880,885, 0
280,285,880,885, 0
300,305,880,885, 0
320,325,880,885, 0
340,345,880,885, 0
360,365,880,885, 0
380,385,880,885, 0
400,405,880,885, 0
420,425,880,885, 0
440,445,880,885, 0
460,465,880,885, 0
480,485,880,885, 0
500,505,880,885, 0
520,525,880,885, 0
540,545,880,885, 0
560,565,880,885, 0
580,585,880,885, 0
600,605,880,885, 0
620,625,880,885, 0
640,645,880,885, 0
660,665,880,885, 0
680,685,880,885, 0
700,705,880,885, 0
720,725,880,885, 0
740,745,880,885, 0
760,765,880,885, 0
780,785,880,885, 0
800,805,880,885, 0
820,825,880,885, 0
840,845,880,885, 0
860,865,880,885, 0
880,885,880,885, 0
900,905,880,885, 0
920,925,880,885, 0
940,945,880,885, 0
960,965,880,885, 0
980,985,880,885, 0
1000,1005,880,885, 0
1020,1025,880,885, 0
1040,1045,880,885, 0
1060,1065,880,885, 0
0,5,900,905, 0
20,25,900,905, 0
40,45,900,905, 0
60,65,900,905, 0
80,85,900,905, 0
100,105,900,905, 0
120,125,900,905, 0
140,145,900,905, 0
160,165,900,905, 0
180,185,900,905, 0
200,205,900,905, 0
220,225,900,905, 0
240,245,900,905, 0
260,265,900,905, 0
280,285,900,905, 0
300,305,900,905, 0
320,325,900,905, 0
340,345,900,905, 0
360,365,900,905, 0
380,385,900,905, 0
400,405,900,905, 0
420,425,900,905, 0
440,445,900,905, 0
460,465,900,905, 0
480,485,900,905, 0
500,505,900,905, 0
520,525,900,905, 0
540,545,900,905, 0
560,565,900,905, 0
580,585,900,905, 0
600,605,900,905, 0
620,625,900,905, 0
640,645,900,905, 0
660,665,900,905, 0
680,685,900,905, 0
700,705,900,905, 0
720,725,900,905, 0
740,745,900,905, 0
760,765,900,905, 0
780,785,900,905, 0
800,805,900,905, 0
820,825,900,905, 0
840,845,900,905, 0
860,865,900,905, 0
880,885,900,905, 0
900,905,900,905, 0
920,925,900,905, 0
940,945,900,905, 0
960,965,900,905, 0
980,985,900,905, 0
1000,1005,900,905, 0
1020,1025,900,905, 0
1040,1045,900,905, 0
1060,1065,900,905, 0
0,5,920,925, 0
20,25,920,925, 0
40,45,920,925, 0
60,65,920,925, 0
80,85,920,925, 0
100,105,920,925, 0
120,125,920,925, 0
140,145,920,925, 0
160,165,920,925, 0
180,185,920,925, 0
200,205,920,925, 0
220,225,920,925, 0
240,245,920,925, 0
260,265,920,925, 0
280,285,920,925, 0
300,305,920,925, 0
320,325,920,925, 0
340,345,920,925, 0
360,365,920,925, 0
380,385,920,925, 0
400,405,920,925, 0
420,425,920,925, 0
440,445,920,925, 0
460,465,920,925, 0
480,485,920,925, 0
500,505,920,925, 0
520,525,920,925, 0
540,545,920,925, 0
560,565,920,925, 0
580,585,920,925, 0
600,605,920,925, 0
620,625,920,925, 0
640,645,920,925, 0
660,665,920,925, 0
680,685,920,925, 0
700,705,920,925, 0
720,725,920,925, 0
740,745,920,925, 0
760,765,920,925, 0
780,785,920,925, 0
800,805,920,925, 0
820,825,920,925, 0
840,845,920,925, 0
860,865,920,925, 0
880,885,920,925, 0
900,905,920,925, 0
920,925,920,925, 0
940,945,920,925, 0
960,965,920,925, 0
980,985,920,925, 0
1000,1005,920,925, 0
1020,1025,920,925, 0
1040,1045,920,925, 0
1060,1065,920,925, 0
0,5,940,945, 0
20,25,940,945, 0
40,45,940,945, 0
60,65,940,945, 0
80,85,940,945, 0
100,105,940,945, 0
120,125,940,945, 0
140,145,940,945, 0
160,165,940,945, 0
180,185,940,945, 0
200,205,940,945, 0
220,225,940,945, 0
240,245,940,945, 0
260,265,940,945, 0
280,285,940,945, 0
300,305,940,945, 0
320,325,940,945, 0
340,345,940,945, 0
360,365,940,945, 0
380,385,940,945, 0
400,405,940,945, 0
420,425,940,945, 0
440,445,940,945, 0
460,465,940,945, 0
480,485,940,945, 0
500,505,940,945, 0
520,525,940,945, 0
540,545,940,945, 0
560,565,940,945, 0
580,585,940,945, 0
600,605,940,945, 0
620,625,940,945, 0
640,645,940,945, 0
660,665,940,945, 0
680,685,940,945, 0
700,705,940,945, 0
720,725,940,945, 0
740,745,940,945, 0
760,765,940,945, 0
780,785,940,945, 0
800,805,940,945, 0
820,825,940,945, 0
840,845,940,945, 0
860,865,940,945, 0
880,885,940,945, 0
900,905,940,945, 0
920,925,940,945, 0
940,945,940,945, 0
960,965,940,945, 0
980,985,940,945, 0
1000,1005,940,945, 0
1020,1025,940,945, 0
1040,1045,940,945, 0
1060,1065,940,945, 0
0,5,960,965, 0
20,25,960,965, 0
40,45,960,965, 0
60,65,960,965, 0
80,85,960,965, 0
100,105,960,965, 0
120,125,960,965, 0
140,145,960,965, 0
160,165,960,965, 0
180,185,960,965, 0
200,205,960,965, 0
220,225,960,965, 0
240,245,960,965, 0
260,265,960,965, 0
280,285,960,965, 0
300,305,960,965, 0
320,325,960,965, 0
340,345,960,965, 0
360,365,960,965, 0
380,385,960,965, 0
400,405,960,965, 0
420,425,960,965, 0
440,445,960,965, 0
460,465,960,965, 0
480,485,960,965, 0
500,505,960,965, 0
520,525,960,965, 0
540,545,960,965, 0
560,565,960,965, 0
580,585,960,965, 0
600,605,960,965, 0
620,625,960,965, 0
640,645,960,965, 0
660,665,960,965, 0
680,685,960,965, 0
700,705,960,965, 0
720,725,960,965, 0
740,745,960,965, 0
760,765,960,965, 0
780,785,960,965, 0
800,805,960,965, 0
820,825,960,965, 0
840,845,960,965, 0
860,865,960,965, 0
880,885,960,965, 0
900,905,960,965, 0
920,925,960,965, 0
940,945,960,965, 0
960,965,960,965, 0
980,985,960,965, 0
1000,1005,960,965, 0
1020,1025,960,965, 0
1040,1045,960,965, 0
1060,1065,960,965, 0
0,5,980,985, 0
20,25,980,985, 0
40,45,980,985, 0
60,65,980,985, 0
80,85,980,985, 0
100,105,980,985, 0
120,125,980,985, 0
140,145,980,985, 0
160,165,980,985, 0
180,185,980,985, 0
200,205,980,985, 0
220,225,980,985, 0
240,245,980,985, 0
260,265,980,985, 0
280,285,980,985, 0
300,305,980,985, 0
320,325,980,985, 0
340,345,980,985, 0
360,365,980,985, 0
380,385,980,985, 0
400,405,980,985, 0
420,425,980,985, 0
440,445,980,985, 0
460,465,980,985, 0
480,485,980,985, 0
500,505,980,985, 0
520,525,980,985, 0
540,545,980,985, 0
560,565,980,985, 0
580,585,980,985, 0
600,605,980,985, 0
620,625,980,985, 0
640,645,980,985, 0
660,665,980,985, 0
680,685,980,985, 0
700,705,980,985, 0
720,725,980,985, 0
740,745,980,985, 0
760,765,980,985, 0
780,785,980,985, 0
800,805,980,985, 0
820,825,980,985, 0
840,845,980,985, 0
860,865,980,985, 0
880,885,980,985, 0
900,905,980,985, 0
920,925,980,985, 0
940,945,980,985, 0
960,965,980,985, 0
980,985,980,985, 0
1000,1005,980,985, 0
1020,1025,980,985, 0
1040,1045,980,985, 0
1060,1065,980,985, 0
0,5,1000,1005, 0
20,25,1000,1005, 0
40,45,1000,1005, 0
60,65,1000,1005, 0
80,85,1000,1005, 0
100,105,1000,1005, 0
120,125,1000,1005, 0
140,145,1000,1005, 0
160,165,1000,1005, 0
180,185,1000,1005, 0
200,205,1000,1005, 0
220,225,1000,1005, 0
240,245,1000,1005, 0
260,265,1000,1005, 0
280,285,1000,1005, 0
300,305,1000,1005, 0
320,325,1000,1005, 0
340,345,1000,1005, 0
360,365,1000,1005, 0
380,385,1000,1005, 0
400,405,1000,1005, 0
420,425,1000,1005, 0
440,445,1000,1005, 0
460,465,1000,1005, 0
480,485,1000,1005, 0
500,505,1000,1005, 0
520,525,1000,1005, 0
540,545,1000,1005, 0
560,565,1000,1005, 0
580,585,1000,1005, 0
600,605,1000,1005, 0
620,625,1000,1005, 0
640,645,1000,1005, 0
660,665,1000,1005, 0
680,685,1000,1005, 0
700,705,1000,1005, 0
720,725,1000,1005, 0
740,745,1000,1005, 0
760,765,1000,1005, 0
780,785,1000,1005, 0
800,805,1000,1005, 0
820,825,1000,1005, 0
840,845,1000,1005, 0
860,865,1000,1005, 0
880,885,1000,1005, 0
900,905,1000,1005, 0
920,925,1000,1005, 0
940,945,1000,1005, 0
960,965,1000,1005, 0
980,985,1000,1005, 0
1000,1005,1000,1005, 0
1020,1025,1000,1005, 0
1040,1045,1000,1005, 0
1060,1065,1000,1005, 0
0,5,1020,1025, 0
20,25,1020,1025, 0
40,45,1020,1025, 0
60,65,1020,1025, 0
80,85,1020,1025, 0
100,105,1020,1025, 0
120,125,1020,1025, 0
140,145,1020,1025, 0
160,165,1020,1025, 0
180,185,1020,1025, 0
200,205,1020,1025, 0
220,225,1020,1025, 0
240,245,1020,1025, 0
260,265,1020,1025, 0
280,285,1020,1025, 0
300,305,1020,1025, 0
320,325,1020,1025, 0
340,345,1020,1025, 0
360,365,1020,1025, 0
380,385,1020,1025, 0
400,405,1020,1025, 0
420,425,1020,1025, 0
440,445,1020,1025, 0
460,465,1020,1025, 0
480,485,1020,1025, 0
500,505,1020,1025, 0
520,525,1020,1025, 0
540,545,1020,1025, 0
560,565,1020,1025, 0
580,585,1020,1025, 0
600,605,1020,1025, 0
620,625,1020,1025, 0
640,645,1020,1025, 0
660,665,1020,1025, 0
680,685,1020,1025, 0
700,705,1020,1025, 0
720,725,1020,1025, 0
740,745,1020,1025, 0
760,765,1020,1025, 0
780,785,1020,1025, 0
800,805,1020,1025, 0
820,825,1020,1025, 0
840,845,1020,1025, 0
860,865,1020,1025, 0
880,885,1020,1025, 0
900,905,1020,1025, 0
920,925,1020,1025, 0
940,945,1020,1025, 0
960,965,1020,1025, 0
980,985,1020,1025, 0
1000,1005,1020,1025, 0
1020,1025,1020,1025, 0
1040,1045,1020,1025, 0
1060,1065,1020,1025, 0
0,5,1040,1045, 0
20,25,1040,1045, 0
40,45,1040,1045, 0
60,65,1040,1045, 0
80,85,1040,1045, 0
100,105,1040,1045, 0
120,125,1040,1045, 0
140,145,1040,1045, 0
160,165,1040,1045, 0
180,185,1040,1045, 0
200,205,1040,1045, 0
220,225,1040,1045, 0
240,245,1040,1045, 0
260,265,1040,1045, 0
280,285,1040,1045, 0
300,305,1040,1045, 0
320,325,1040,1045, 0
340,345,1040,1045, 0
360,365,1040,1045, 0
380,385,1040,1045, 0
400,405,1040,1045, 0
420,425,1040,1045, 0
440,445,1040,1045, 0
460,465,1040,1045, 0
480,485,1040,1045, 0
500,505,1040,1045, 0
520,525,1040,1045, 0
540,545,1040,1045, 0
560,565,1040,1045, 0
580,585,1040,1045, 0
600,605,1040,1045, 0
620,625,1040,1045, 0
640,645,1040,1045, 0
660,665,1040,1045, 0
680,685,1040,1045, 0
700,705,1040,1045, 0
720,725,1040,1045, 0
740,745,1040,1045, 0
760,765,1040,1045, 0
780,785,1040,1045, 0
800,805,1040,1045, 0
820,825,1040,1045, 0
840,845,1040,1045, 0
860,865,1040,1045, 0
880,885,1040,1045, 0
900,905,1040,1045, 0
920,925,1040,1045, 0
940,945,1040,1045, 0
960,965,1040,1045, 0
980,985,1040,1045, 0
1000,1005,1040,1045, 0
1020,1025,1040,1045, 0
1040,1045,1040,1045, 0
1060,1065,1040,1045, 0
0,5,1060,1065, 0
20,25,1060,1065, 0
40,45,1060,1065, 0
60,65,1060,1065, 0
80,85,1060,1065, 0
100,105,1060,1065, 0
120,125,1060,1065, 0
140,145,1060,1065, 0
160,165,1060,1065, 0
180,185,1060,1065, 0
200,205,1060,1065, 0
220,225,1060,1065, 0
240,245,1060,1065, 0
260,265,1060,1065, 0
280,285,1060,1065, 0
300,305,1060,1065, 0
320,325,1060,1065, 0
340,345,1060,1065, 0
360,365,1060,1065, 0
380,385,1060,1065, 0
400,405,1060,1065, 0
420,425,1060,1065, 0
440,445,1060,1065, 0
460,465,1060,1065, 0
480,485,1060,1065, 0
500,505,1060,1065, 0
520,525,1060,1065, 0
540,545,1060,1065, 0
560,565,1060,1065, 0
580,585,1060,1065, 0
600,605,1060,1065, 0
620,625,1060,1065, 0
640,645,1060,1065, 0
660,665,1060,1065, 0
680,685,1060,1065, 0
700,705,1060,1065, 0
720,725,1060,1065, 0
740,745,1060,1065, 0
760,765,1060,1065, 0
780,785,1060,1065, 0
800,805,1060,1065, 0
820,825,1060,1065, 0
840,845,1060,1065, 0
860,865,1060,1065, 0
880,885,1060,1065, 0
900,905,1060,1065, 0
920,925,1060,1065, 0
940,945,1060,1065, 0
960,965,1060,1065, 0
980,985,1060,1065, 0
1000,1005,1060,1065, 0
1020,1025,1060,1065, 0
1040,1045,1060,1065, 0
1060,1065,1060,1065, 0
