,Unnamed: 0,solution_id,DESIGNATION,SOURCE_ID,random_index,ref_epoch,RA,ra_error,DEC,dec_error,parallax,parallax_error,parallax_over_error,pm,pmra,pmra_error,pmdec,pmdec_error,ra_dec_corr,ra_parallax_corr,ra_pmra_corr,ra_pmdec_corr,dec_parallax_corr,dec_pmra_corr,dec_pmdec_corr,parallax_pmra_corr,parallax_pmdec_corr,pmra_pmdec_corr,astrometric_n_obs_al,astrometric_n_obs_ac,astrometric_n_good_obs_al,astrometric_n_bad_obs_al,astrometric_gof_al,astrometric_chi2_al,astrometric_excess_noise,astrometric_excess_noise_sig,astrometric_params_solved,astrometric_primary_flag,nu_eff_used_in_astrometry,pseudocolour,pseudocolour_error,ra_pseudocolour_corr,dec_pseudocolour_corr,parallax_pseudocolour_corr,pmra_pseudocolour_corr,pmdec_pseudocolour_corr,astrometric_matched_transits,visibility_periods_used,astrometric_sigma5d_max,matched_transits,new_matched_transits,matched_transits_removed,ipd_gof_harmonic_amplitude,ipd_gof_harmonic_phase,ipd_frac_multi_peak,ipd_frac_odd_win,ruwe,scan_direction_strength_k1,scan_direction_strength_k2,scan_direction_strength_k3,scan_direction_strength_k4,scan_direction_mean_k1,scan_direction_mean_k2,scan_direction_mean_k3,scan_direction_mean_k4,duplicated_source,phot_g_n_obs,phot_g_mean_flux,phot_g_mean_flux_error,phot_g_mean_flux_over_error,Gmag,phot_bp_n_obs,phot_bp_mean_flux,phot_bp_mean_flux_error,phot_bp_mean_flux_over_error,phot_bp_mean_mag,phot_rp_n_obs,phot_rp_mean_flux,phot_rp_mean_flux_error,phot_rp_mean_flux_over_error,phot_rp_mean_mag,phot_bp_rp_excess_factor,phot_bp_n_contaminated_transits,phot_bp_n_blended_transits,phot_rp_n_contaminated_transits,phot_rp_n_blended_transits,phot_proc_mode,bp_rp,bp_g,g_rp,radial_velocity,radial_velocity_error,rv_method_used,rv_nb_transits,rv_nb_deblended_transits,rv_visibility_periods_used,rv_expected_sig_to_noise,rv_renormalised_gof,rv_chisq_pvalue,rv_time_duration,rv_amplitude_robust,rv_template_teff,rv_template_logg,rv_template_fe_h,rv_atm_param_origin,vbroad,vbroad_error,vbroad_nb_transits,grvs_mag,grvs_mag_error,grvs_mag_nb_transits,rvs_spec_sig_to_noise,phot_variable_flag,l,b,ecl_lon,ecl_lat,in_qso_candidates,in_galaxy_candidates,non_single_star,has_xp_continuous,has_xp_sampled,has_rvs,has_epoch_photometry,has_epoch_rv,has_mcmc_gspphot,has_mcmc_msc,in_andromeda_survey,classprob_dsc_combmod_quasar,classprob_dsc_combmod_galaxy,classprob_dsc_combmod_star,teff_gspphot,teff_gspphot_lower,teff_gspphot_upper,logg_gspphot,logg_gspphot_lower,logg_gspphot_upper,mh_gspphot,mh_gspphot_lower,mh_gspphot_upper,distance_gspphot,distance_gspphot_lower,distance_gspphot_upper,azero_gspphot,azero_gspphot_lower,azero_gspphot_upper,ag_gspphot,ag_gspphot_lower,ag_gspphot_upper,ebpminrp_gspphot,ebpminrp_gspphot_lower,ebpminrp_gspphot_upper,libname_gspphot,dist,in_field,Weight,mask
316,86,1636148068921376768,Gaia DR3 4657680410948174720,4657680410948174720,321336498,2016.0,84.61587173301506,0.05246558,-69.0908947645128,0.052214406,0.1134765524741414,0.05020664,2.2601902,1.733342,1.605026075087004,0.073226705,0.6544967100390265,0.069996014,0.02530108,-0.06293224,-0.25531507,-0.058225237,-0.00017131337,-0.05314804,-0.39645362,0.17186667,-0.07821529,-0.01324582,282,0,282,0,-0.21533251,360.2989,0.23072098,2.2545912,95,False,,1.7046931,0.015616958,-0.20090926,-0.048872344,-0.1836317,0.035840962,0.07699461,32,25,0.10262512,36,13,0,0.020610241,44.27132,0,0,0.98964506,0.14315227,0.040782955,0.061531913,0.04601767,-75.67797,31.257156,48.15848,-3.3585124,False,296,4055.859929708103,4.0488114,1001.7409,16.66716,32,2581.6949050414128,54.669174,47.22396,16.80878,31,1589.4758250449106,44.294373,35.884373,16.74476,1.0284307,0.0,0.0,0.0,0.0,0.0,0.06402016,0.14162064,-0.07760048,,,,,,,,,,,,,,,,,,,,,,,NOT_AVAILABLE,279.4563507237457,-31.694577985492558,306.2984808301096,-86.75719337020811,False,False,0,True,False,False,False,False,True,True,False,7.668459e-09,3.8144975e-08,3.7692585e-06,13878.577,13818.381,13943.414,4.399,4.3969,4.3998,-0.1473,-0.1698,-0.1338,13968.896,13882.174,14063.324,0.4634,0.4575,0.4697,0.4516,0.4459,0.4577,0.2423,0.2392,0.2456,A,0.0238984372177875,IN,1,3
995,147,1636148068921376768,Gaia DR3 4657680376593877504,4657680376593877504,611172363,2016.0,84.62021435577506,0.11582231,-69.10457041397073,0.14029117,0.0166614191305483,0.1157928,0.14388993,1.7934304,1.762908673410409,0.1709573,0.3294628860891587,0.17243624,0.018001202,-0.14225256,-0.27364036,-0.024091331,-0.06732525,-0.024915708,-0.5773658,0.22017817,-0.0053790943,-0.017985892,271,0,271,0,0.24535878,284.1086,0.0,0.0,95,False,,1.6129931,0.035323955,-0.1319172,-0.08550558,-0.13894266,-0.017100953,0.102604076,31,23,0.25503612,36,14,0,0.011602327,21.701603,0,0,1.0094146,0.08213658,0.09925398,0.0887288,0.09239646,-106.17078,60.434444,43.8037,13.366524,False,296,1042.1320444206622,1.8742597,556.02325,18.14256,27,903.6322828878474,66.74168,13.53925,17.948563,28,763.1812726414654,55.061245,13.860589,17.541327,1.5994265,0.0,3.0,0.0,3.0,0.0,0.4072361,-0.19399643,0.6012325,,,,,,,,,,,,,,,,,,,,,,,NOT_AVAILABLE,279.47210836255704,-31.69147070090464,306.1189013074027,-86.74792314438915,True,False,0,False,False,False,False,False,False,True,False,0.8751308,0.01140235,0.00023554338,,,,,,,,,,,,,,,,,,,,,,,0.0204546460822825,IN,2,3
987,180,1636148068921376768,Gaia DR3 4657680415225901440,4657680415225901440,609243235,2016.0,84.62265156599636,0.1192503,-69.09883795572878,0.12999895,-0.0040390210055362,0.12228395,-0.033029854,2.0333252,1.767200651999963,0.17582548,1.0056906523990894,0.19778027,0.057828728,-0.17294818,-0.25768492,-0.06701901,0.044975188,-0.059104223,-0.25438672,0.22229788,-0.016022714,0.017959895,275,0,274,1,-1.7427449,255.40701,0.0,0.0,95,False,,1.6976566,0.03726635,-0.14830787,-0.1057588,-0.094012536,0.0065569207,0.0049305107,31,22,0.27631757,36,10,0,0.020561555,46.289097,0,0,0.9244654,0.13175242,0.08189519,0.043430656,0.0018276693,-73.51446,84.780045,-49.059483,19.434519,False,282,1098.9063208622197,3.8087587,288.52084,18.084965,19,3125.0119519328023,95.76708,32.63138,16.601414,19,2380.2194618099466,94.01596,25.317184,16.306353,5.009737,0.0,11.0,0.0,11.0,0.0,0.2950611,-1.483551,1.7786121,,,,,,,,,,,,,,,,,,,,,,,NOT_AVAILABLE,279.46529863236464,-31.69126430710253,306.1738656056769,-86.75281284251118,False,False,0,False,False,False,False,False,False,True,False,2.549589e-07,0.098189645,0.90181,,,,,,,,,,,,,,,,,,,,,,,0.0193770309451945,IN,2,3
981,204,1636148068921376768,Gaia DR3 4657680376535919232,4657680376535919232,902780779,2016.0,84.6242254073436,2.5603662,-69.10338935082926,2.5424924,,,,,,,,,-0.14309035,,,,,,,,,,277,0,277,0,307.56976,255258.84,25.82332,5057.88,3,False,,,,,,,,,31,24,5.0665846,36,15,0,0.39232063,32.53146,28,0,,0.1066602,0.094895884,0.04514595,0.07172874,-68.99632,26.836168,32.746193,-2.6939232,False,288,1564.495270238613,22.587872,69.26263,17.701431,31,2768.8285390085084,130.2488,21.257998,16.732801,31,2906.71587861236,135.16255,21.505335,16.08939,3.6277158,0.0,20.0,0.0,22.0,0.0,0.64341164,-0.96862984,1.6120415,,,,,,,,,,,,,,,,,,,,,,,NOT_AVAILABLE,279.4705367033907,-31.69018492995114,306.1135810503926,-86.74975360463515,False,False,0,False,False,False,False,False,False,False,False,0.007825746,0.015199737,0.9769483,,,,,,,,,,,,,,,,,,,,,,,0.0188593465225337,IN,2,3
977,227,1636148068921376768,Gaia DR3 4657680376582966784,4657680376582966784,944572118,2016.0,84.6257674328814,0.120839536,-69.11183001936293,0.12568921,-0.0691058464544665,0.11499025,-0.60097134,1.6950912,1.519634194166256,0.17949651,0.7510301962102546,0.16508125,0.13996203,-0.17548913,-0.28064469,-0.11780011,-0.011668741,-0.09995518,-0.5210715,0.26532233,-0.023832018,0.09087585,292,0,291,1,0.61894274,324.4533,0.3680206,1.0334487,95,False,,1.7007146,0.035143208,-0.1593991,-0.12600783,-0.1311433,0.0018185524,0.14812088,33,24,0.26004362,38,13,0,0.028481282,30.505682,1,0,1.0248569,0.13195024,0.07034304,0.03826968,0.16348402,-47.405083,-18.014315,-22.417969,-0.31924614,False,313,1030.8039644797293,1.5767636,653.74664,18.154427,35,630.2834127570195,27.286306,23.09889,18.339703,34,409.5504981874924,23.375257,17.520683,18.217127,1.0087601,0.0,35.0,0.0,34.0,0.0,0.12257576,0.18527603,-0.06270027,,,,,,,,,,,,,,,,,,,,,,,NOT_AVAILABLE,279.4803167865563,-31.68867086041296,306.00861333749225,-86.74374834006382,False,False,0,False,False,False,False,False,False,True,False,2.7499552e-13,7.280453e-13,0.9999461,8477.843,8432.739,8556.47,4.4979,4.4722,4.5157,-0.9496,-1.0742,-0.7831,11346.565,11214.253,11858.2705,0.0137,0.005,0.0287,0.0127,0.0046,0.0266,0.0067,0.0024,0.0142,PHOENIX,0.0211635569290721,IN,2,3
975,244,1636148068921376768,Gaia DR3 4657686286459750912,4657686286459750912,867793561,2016.0,84.62742400212424,0.102174446,-69.08829633782169,0.10360308,-0.0036359670132194,0.09243706,-0.039334517,1.6880351,1.6315047117589332,0.1375524,0.4331914660167963,0.13361745,0.22258317,-0.12443777,-0.32138708,-0.22232088,-0.044656638,-0.22400497,-0.5547982,0.21671997,-0.064307064,0.1365124,279,0,279,0,8.266988,643.9753,0.73418385,12.029559,95,False,,1.7211524,0.027135545,-0.15160564,0.00887123,-0.16177632,0.04306452,0.0073771663,32,22,0.21249318,35,17,0,0.0040464737,43.050755,0,0,1.3725439,0.18130766,0.10605407,0.11521672,0.21507147,-25.945482,-19.8948,39.19921,-4.5705266,False,262,2677.018839514121,6.7510967,396.53094,17.118238,29,3837.9412129444486,174.52644,21.9906,16.378296,29,2786.110797702487,115.183975,24.188354,16.135399,2.4744136,0.0,29.0,0.0,29.0,0.0,0.24289703,-0.73994255,0.9828396,,,,,,,,,,,,,,,,,,,,,,,NOT_AVAILABLE,279.45276206052034,-31.690779596239786,306.27397675289626,-86.76186596249816,False,False,0,True,False,False,False,False,False,True,False,2.146491e-05,0.003964699,0.9960137,,,,,,,,,,,,,,,,,,,,,,,0.0216411639810548,IN,2,3
972,274,1636148068921376768,Gaia DR3 4657680410944503168,4657680410944503168,222853875,2016.0,84.6298915274342,0.10409168,-69.09290023126265,0.09526011,-0.0513949928874626,0.09438798,-0.5445078,1.7570325,1.6893304063622736,0.13995077,0.4830384730442218,0.12391045,0.098424144,-0.1308066,-0.25513345,-0.055455327,0.015147881,-0.041758142,-0.471641,0.21816401,-0.11317733,0.010095663,278,0,278,0,-0.5395706,297.94717,0.037628327,0.014174654,95,False,,1.7361778,0.029394256,-0.20926121,-0.11587244,-0.18834317,0.03407554,0.11508693,32,24,0.19672081,34,15,0,0.0145812845,27.595829,0,0,0.9757398,0.12202304,0.15680943,0.007937233,0.17278317,-58.80532,-4.284837,-10.948028,-2.963599,False,277,1567.8441222379197,3.9229395,399.66052,17.69911,28,2914.069094431108,168.28125,17.31666,16.677292,28,2165.935975228282,186.1477,11.635577,16.408781,3.2401214,0.0,23.0,0.0,24.0,0.0,0.26851082,-1.0218182,1.290329,,,,,,,,,,,,,,,,,,,,,,,NOT_AVAILABLE,279.4580187173237,-31.689377982153065,306.2085737056174,-86.75898309194245,False,False,0,False,False,False,False,False,False,True,False,2.1442484e-05,0.019967606,0.98001087,,,,,,,,,,,,,,,,,,,,,,,0.0185179615478638,IN,2,3
197,293,1636148068921376768,Gaia DR3 4657680410895728640,4657680410895728640,1537645635,2016.0,84.63182003608748,0.047935545,-69.09083953876885,0.04751976,0.0611081217386368,0.043952715,1.390315,1.744909,1.6436375138892023,0.06556169,0.585801394570246,0.061812405,0.20182107,-0.11366354,-0.30705526,-0.17909838,-0.0820375,-0.18344094,-0.53627616,0.26222748,-0.043309554,0.112992525,281,0,280,1,0.3775004,404.33423,0.24411118,3.9235706,95,False,,1.6744441,0.013376495,-0.19279599,-0.061748914,-0.1741415,0.046486884,0.06532971,32,23,0.098151706,35,14,0,0.017402355,25.656076,0,0,1.0149465,0.16466552,0.12000685,0.06234532,0.21724896,-51.274563,-18.497442,35.053665,-3.8427968,False,284,6344.598372969453,9.473159,669.74475,16.181356,30,6437.514859715593,183.93756,34.99837,15.816747,32,4710.520284747052,221.48131,21.268251,15.565224,1.7570908,0.0,30.0,0.0,32.0,0.0,0.25152302,-0.36460972,0.61613274,,,,,,,,,,,,,,,,,,,,,,,NOT_AVAILABLE,279.4555203423401,-31.6889300007022,306.2234212601641,-86.76098706598513,False,False,0,True,False,False,False,False,False,True,False,1.9356953e-06,1.847496e-05,0.9999793,,,,,,,,,,,,,,,,,,,,,,,0.0189164197468871,IN,1,3
969,319,1636148068921376768,Gaia DR3 4657680273503752320,4657680273503752320,1017252320,2016.0,84.63389980570204,0.12118538,-69.11657493308228,0.12512082,0.2330771915508933,0.119181484,1.9556494,4.4520025,1.6425784312715517,0.18417943,4.137905564964973,0.16485399,0.09754033,-0.10785403,-0.19988172,-0.060063835,0.03958806,-0.03618311,-0.45476034,0.2703881,-0.08650282,0.036847863,302,0,301,1,-0.09764762,302.9488,0.0,0.0,95,False,,1.5458058,0.0368008,-0.12918195,-0.06854928,-0.10704842,0.031039095,0.117614694,34,25,0.2582343,38,13,0,0.006267627,36.162514,0,0,0.9948544,0.13522737,0.058559313,0.0026893707,0.13583086,-35.570705,-5.838774,-35.010117,1.2367355,False,313,1053.9343760712077,3.8075407,276.80185,18.130333,38,3471.3362723880346,136.38348,25.45276,16.4873,38,4041.761170098494,107.06555,37.750343,15.731469,7.1286197,0.0,1.0,0.0,1.0,0.0,0.7558317,-1.6430321,2.3988638,,,,,,,,,,,,,,,,,,,,,,,NOT_AVAILABLE,279.485465544542,-31.685246742115662,305.9153447632816,-86.7420635657073,False,True,0,True,False,False,False,False,False,True,False,7.562778e-10,0.5728309,0.4271691,,,,,,,,,,,,,,,,,,,,,,,0.0218374199838562,IN,2,3
965,349,1636148068921376768,Gaia DR3 4657686320819504128,4657686320819504128,1086319223,2016.0,84.63655114983837,0.1535989,-69.07643242852625,0.1735195,0.4187253870633077,0.144554,2.8966708,2.2082756,1.999360574324388,0.21492657,0.9375703670598368,0.20554826,0.14460374,-0.048138425,-0.27663377,-0.08963312,0.05777447,-0.04975177,-0.59909594,0.11574636,-0.06326343,0.07531732,232,0,230,2,-0.85412246,216.4031,0.0,0.0,95,False,,1.6249391,0.047795553,-0.23019625,-0.08523451,-0.23880218,-0.021457136,0.07768361,26,20,0.31693786,31,13,1,0.019267442,32.442017,0,0,0.95845157,0.13875546,0.037462514,0.1844764,0.20246965,-94.206566,-48.53812,39.20027,9.149596,False,243,850.0137091400886,3.3298333,255.27214,18.363802,13,2032.5949868581904,167.30292,12.14919,17.068415,12,967.8775790263172,78.77797,12.286145,17.283344,3.5299108,0.0,13.0,0.0,12.0,0.0,-0.21492958,-1.2953873,1.0804577,,,,,,,,,,,,,,,,,,,,,,,NOT_AVAILABLE,279.43847306647774,-31.68889804249629,306.36940213187444,-86.77293013437142,False,True,0,False,False,False,False,False,False,False,False,2.335598e-05,0.99985063,5.847691e-08,,,,,,,,,,,,,,,,,,,,,,,0.0283791287121593,IN,2,3
219,367,1636148068921376768,Gaia DR3 4657686290741194624,4657686290741194624,866767673,2016.0,84.63822833702046,0.061345667,-69.09142853381977,0.062056232,-0.0121388156890796,0.05769514,-0.21039581,1.7527735,1.5807690997031123,0.087614074,0.7572211846626233,0.0827935,0.024767458,-0.02552162,-0.22880869,-0.01723629,-0.0048139733,0.0066994275,-0.517366,0.1952286,-0.09281301,-0.054451767,293,0,292,1,-0.7966656,337.29608,0.20489845,1.2455252,95,False,,1.6868438,0.017806588,-0.19217205,-0.06220716,-0.1877764,0.045853548,0.08954106,33,24,0.124404006,38,14,0,0.016252067,32.884384,1,0,0.9657231,0.10986478,0.10712012,0.08320594,0.15115726,-56.29539,3.207194,46.10465,0.4631381,False,305,3271.5232774452843,5.375288,608.62286,16.900492,34,4276.942856556473,433.2075,9.872735,16.260708,33,3373.49693665725,322.94968,10.44589,15.927694,2.3384948,0.0,34.0,0.0,33.0,0.0,0.33301353,-0.63978386,0.9727974,,,,,,,,,,,,,,,,,,,,,,,NOT_AVAILABLE,279.4559007437416,-31.686590651050498,306.18608476880337,-86.76204939441352,False,False,0,True,False,False,False,False,True,True,False,8.5240645e-05,0.0012368708,0.9986777,7581.007,7562.227,7591.4434,4.3896,4.38,4.3957,-1.9323,-1.9748,-1.8635,4649.8276,4613.186,4693.6655,0.0009,0.0001,0.0027,0.0008,0.0001,0.0025,0.0004,0.0,0.0014,MARCS,0.0166840879991401,IN,1,3
960,383,1636148068921376768,Gaia DR3 4657686286459766400,4657686286459766400,437535832,2016.0,84.63987971669529,0.1413187,-69.08884639697612,0.11685096,-0.1353380899750376,0.11524066,-1.1743953,1.6501154,1.468122744589645,0.16465259,0.7533235263151479,0.14670175,0.044329993,-0.060537156,-0.41070795,-0.07359855,0.077829465,-0.059311036,-0.5163781,0.121101074,-0.13429342,0.009964082,249,0,249,0,-1.3659458,246.10573,0.0,0.0,95,False,,1.7461374,0.035866413,-0.13784443,-0.06857883,-0.23476274,0.026138768,0.09410195,28,21,0.2385566,37,17,0,0.038607325,44.674015,0,25,0.937341,0.08216058,0.21842627,0.07971756,0.19841585,-24.481705,4.9454465,41.5811,-12.26629,False,258,1375.5267539619842,6.540305,210.31538,17.841194,2,5363.186846547505,68.1281,78.7221,16.014984,2,4338.556679535567,60.1748,72.09923,15.654532,7.0531116,0.0,2.0,0.0,2.0,0.0,0.3604517,-1.82621,2.1866617,,,,,,,,,,,,,,,,,,,,,,,NOT_AVAILABLE,279.45280701679434,-31.68630011259088,306.208327500873,-86.76438125176958,False,False,0,False,False,False,False,False,False,True,False,1.8915546e-08,0.018869543,0.9811305,,,,,,,,,,,,,,,,,,,,,,,0.0178424240270088,IN,2,3
957,396,1636148068921376768,Gaia DR3 4657680415206367744,4657680415206367744,1157886885,2016.0,84.64126751729329,0.17259961,-69.09418948935803,0.18685986,0.0845582157061569,0.16390702,0.5158914,1.238596,1.2218983664811578,0.25469047,0.2026929872333589,0.24651426,0.068031594,-0.088263854,-0.2703685,-0.048224557,0.07819603,-0.052028995,-0.61652625,0.24977867,-0.12667361,0.10387099,266,0,266,0,1.6833665,315.55896,0.5178162,1.099944,95,False,,1.6008929,0.049319886,-0.18961687,0.007322387,-0.18661353,0.06730923,0.05490087,30,23,0.3779419,35,13,0,0.011429141,129.10162,0,0,1.0734085,0.17686307,0.1312356,0.05349671,0.18460503,-18.07577,-6.644266,51.526512,-1.4176842,False,266,884.077999580863,4.1867647,211.16019,18.32114,8,5451.5074942088095,943.4731,5.778127,15.997251,8,1165.9741834392669,368.21616,3.1665483,17.081173,7.4851785,0.0,8.0,0.0,8.0,0.0,-1.0839224,-2.3238897,1.2399673,,,,,,,,,,,,,,,,,,,,,,,NOT_AVAILABLE,279.4589784682731,-31.685197752800747,306.13947979549954,-86.76068309603662,False,False,0,False,False,False,False,False,False,False,False,6.120611e-08,1.8831615e-07,0.9999997,,,,,,,,,,,,,,,,,,,,,,,0.0143141078522075,IN,2,3
953,419,1636148068921376768,Gaia DR3 4657686286459767040,4657686286459767040,1807901993,2016.0,84.64326814647305,0.22309549,-69.08862759267068,0.24469756,0.489188469538909,0.21187209,2.3088858,3.674992,2.3750041787568543,0.30795613,2.8044467544528957,0.31545985,0.18534537,-0.021241553,-0.24840082,-0.18282819,0.02075558,-0.1638577,-0.5885857,0.23016346,-0.08795616,0.10865218,284,0,281,3,28.341928,2006.2263,2.0390635,37.969147,95,False,,1.800019,0.06073567,-0.19799086,-0.048964404,-0.1681829,0.09650396,0.038173966,32,24,0.4830852,38,16,0,0.028257893,56.482853,46,0,2.424743,0.117450185,0.097124726,0.13331218,0.17205219,-45.550117,-10.921721,47.17152,0.2629821,False,308,1645.2495922658716,7.645795,215.1836,17.646788,28,5489.676459512138,288.57785,19.023209,15.9896755,31,4333.09780145357,334.13513,12.9681,15.655899,5.9703856,0.0,28.0,0.0,31.0,0.0,0.33377647,-1.6571121,1.9908886,,,,,,,,,,,,,,,,,,,,,,,NOT_AVAILABLE,279.4523892860555,-31.685123601660575,306.1947464419277,-86.76534204135626,False,False,0,True,False,False,False,False,False,True,False,1.6660966e-08,0.04299148,0.9570084,,,,,,,,,,,,,,,,,,,,,,,0.0171297807817664,IN,2,3
182,444,1636148068921376768,Gaia DR3 4657686286459752064,4657686286459752064,318151703,2016.0,84.64494628155153,0.07623087,-69.08348627673332,0.0720463,-0.0393910507928817,0.07159204,-0.55021554,1.3741529,1.2680156283296384,0.103334144,0.5295587852821048,0.09191884,0.14069928,-0.10181145,-0.1766481,-0.088434115,0.07100324,-0.07169572,-0.45388022,0.1678087,-0.17254892,0.052375954,253,0,252,1,2.0769453,382.77707,0.4022753,4.3906097,95,False,,1.6840408,0.021877794,-0.0704668,-0.038323663,-0.18229146,0.11669918,0.09181098,29,22,0.1453921,35,14,0,0.027146537,38.563137,0,0,1.093686,0.12226052,0.16758245,0.16733521,0.23214948,-3.4360588,-16.013885,49.33622,-0.539283,False,271,3415.1930076172557,11.806711,289.25864,16.853828,33,8390.901851253444,233.27304,35.970303,15.52902,32,5940.436214702502,220.4347,26.948736,15.31335,4.1963477,0.0,28.0,0.0,28.0,0.0,0.21567059,-1.3248081,1.5404787,,,,,,,,,,,,,,,,,,,,,,,NOT_AVAILABLE,279.44630654985235,-31.68511515776233,306.24678701944646,-86.76960593722265,False,False,0,True,False,False,False,False,False,True,False,1.8811537e-07,0.01070427,0.9892955,,,,,,,,,,,,,,,,,,,,,,,0.020798469706841,IN,1,3
321,477,1636148068921376768,Gaia DR3 4657686286410994176,4657686286410994176,1806677959,2016.0,84.64747960547615,0.08891789,-69.08520914956131,0.08502442,-0.091905863919136,0.0855691,-1.0740544,1.2797785,1.098649253984162,0.121633574,0.6563556975041882,0.109990664,0.007218863,-0.1372117,-0.20763884,-0.027659439,0.09242066,-0.042761914,-0.41831142,0.12284123,-0.18892303,0.004610868,276,0,276,0,7.4527564,517.1909,0.6110031,8.360164,95,False,,1.575833,0.025100078,-0.1399892,-0.07296687,-0.22691905,0.08912905,0.11259241,31,24,0.16975112,37,15,0,0.029119564,46.034115,0,0,1.3359321,0.11787342,0.095182195,0.036596704,0.09272837,-44.61158,8.039953,46.87177,-2.326947,False,290,2807.7224058159413,8.690779,323.06915,17.06648,34,5489.292948407026,319.09653,17.20261,15.989751,35,4753.15533359547,290.48816,16.362648,15.555441,3.6479561,0.0,34.0,0.0,35.0,0.0,0.43430996,-1.0767298,1.5110397,,,,,,,,,,,,,,,,,,,,,,,NOT_AVAILABLE,279.4481967589166,-31.68402017360014,306.21457846672706,-86.76890501328779,False,False,0,True,False,False,False,False,False,True,False,0.00015345262,0.13567121,0.8641754,,,,,,,,,,,,,,,,,,,,,,,0.0188616360560836,IN,1,3
937,505,1636148068921376768,Gaia DR3 4657680415234412032,4657680415234412032,308126621,2016.0,84.64898911450568,0.13051394,-69.09916154008798,0.15916814,-0.1336995882030547,0.16066982,-0.8321388,1.6943109,1.6551561663048415,0.23808809,-0.3621426634209979,0.27343717,0.17045161,-0.17629305,0.15038158,0.13457671,-0.31988403,-0.031594846,0.33303076,0.31854212,-0.36779493,0.113338314,152,0,151,1,7.4866395,322.9939,0.7397326,6.504486,95,False,,1.5424823,0.045029245,-0.037142448,-0.17894079,-0.102829136,-0.007027308,0.09425396,17,14,0.39010343,20,20,0,0.009857545,47.07328,5,0,1.4678075,0.18547264,0.11126955,0.217046,0.10162338,-110.75269,-75.113976,58.875256,15.320693,False,154,2337.0172782614923,9.897782,236.11525,17.265713,5,12266.70925820138,2196.0273,5.5858636,15.116722,5,10047.458281453337,3206.6213,3.1333473,14.742755,9.54814,1.0,4.0,1.0,4.0,0.0,0.37396717,-2.1489906,2.5229578,,,,,,,,,,,,,,,,,,,,,,,NOT_AVAILABLE,279.4644133511876,-31.681892931881,306.0449531393384,-86.75874301595063,False,False,0,False,False,False,False,False,False,True,False,1.0348671e-08,0.012444386,0.98755556,,,,,,,,,,,,,,,,,,,,,,,0.010025852230886,IN,2,3
136,529,1636148068921376768,Gaia DR3 4657680410895734784,4657680410895734784,1641193994,2016.0,84.65057192153854,0.01532116,-69.09943372834945,0.01598483,0.0073726193327996,0.0147786215,0.49887058,1.8158165,1.7059772977552323,0.022236766,0.6219575140382283,0.021205187,0.14542021,-0.21646896,-0.13029984,-0.19373894,-0.020903643,-0.2004916,-0.48446548,0.22953378,-0.062661655,0.06720756,293,293,293,0,-0.69533134,826.12756,0.117158204,11.513123,31,False,1.6243218,,,,,,,,33,23,0.032382466,38,14,0,0.024112655,38.839405,0,0,0.97002226,,,,,,,,,False,326,415275.3750131637,552.40704,751.7561,11.641526,35,251714.8198601748,1080.6458,232.93001,11.83627,35,249415.42630031504,986.0816,252.93588,11.255588,1.206742,0.0,23.0,0.0,23.0,0.0,0.58068275,0.19474411,0.38593864,281.4914,4.7344275,1.0,4.0,1.0,4.0,24.607538,3.8223193,8.0390295e-05,277.849,16.830719,6000.0,1.5,-2.0,110.0,,,,,,,,NOT_AVAILABLE,279.4646553643112,-31.68130088549425,306.03425713103826,-86.75890800443318,False,False,0,True,True,False,False,False,False,True,False,2.1859059e-08,5.120277e-13,0.99998444,13201.669,13151.222,13245.37,2.5025,2.5006,2.506,0.0499,0.0471,0.0514,14570.695,14514.523,14615.27,1.4851,1.4824,1.4876,1.3855,1.3828,1.388,0.754,0.7525,0.7554,A,0.0094233386891226,IN,1,3
927,566,1636148068921376768,Gaia DR3 4657680380873856768,4657680380873856768,637928735,2016.0,84.65294610854781,0.1838583,-69.10940482879532,0.17341562,0.0649884652110448,0.16907099,0.38438568,2.6980758,2.691055800550044,0.28922758,0.1945017354719029,0.22854881,-0.022024544,-0.051856518,-0.09896785,-0.11008908,0.020496972,-0.11508485,-0.4150775,0.17761043,-0.13296193,-0.12965237,274,0,273,1,7.734805,505.73517,1.1180317,6.410598,95,False,,1.586217,0.050173234,-0.07313271,-0.12011433,-0.12346604,0.058759898,0.07171325,31,22,0.40595606,34,34,0,0.017384069,76.158516,0,0,1.3513678,0.018628946,0.18089366,0.07843445,0.18757138,138.86862,19.486343,-3.8216627,-10.227497,False,275,956.8375750376034,3.6846297,259.6835,18.235271,29,2467.439796091697,153.95813,16.026693,16.857925,31,2073.704272931989,218.75894,9.4794035,16.456028,4.7459927,0.0,26.0,0.0,28.0,0.0,0.40189743,-1.377346,1.7792435,,,,,,,,,,,,,,,,,,,,,,,NOT_AVAILABLE,279.4761821594851,-31.6793211447297,305.9075458729002,-86.75192893512194,False,False,0,False,False,False,False,False,False,True,False,1.6032941e-06,0.39388186,0.6061165,,,,,,,,,,,,,,,,,,,,,,,0.0119640695504484,IN,2,3
60,588,1636148068921376768,Gaia DR3 4657680376583125760,4657680376583125760,112637860,2016.0,84.65432090380062,0.033729546,-69.11409579147522,0.034230854,0.0091000117179473,0.03441746,0.264401,1.8622822,1.72085960562149,0.051371988,0.7118546454920366,0.04502526,0.034638613,-0.029877918,-0.0872795,-0.06934734,0.078898706,-0.041249868,-0.41531387,0.306176,-0.21345654,-0.08371633,294,0,292,2,0.84507126,412.44165,0.21174617,4.977646,95,False,,1.6372991,0.010323108,-0.07798734,-0.087699905,-0.08908585,0.09701938,0.09112602,33,24,0.07237853,37,13,0,0.02031503,35.91237,0,0,1.0343626,0.06888289,0.072424546,0.032790273,0.16178681,-52.858273,5.5556784,47.865276,0.6578241,False,293,10606.549546655153,13.354641,794.222,15.623431,34,10134.740967731916,240.05067,42.219173,15.324011,35,8591.813240239238,272.02185,31.58501,14.9126835,1.7655652,0.0,34.0,0.0,35.0,0.0,0.41132736,-0.29942036,0.7107477,,,,,,,,,,,,,,,,,,,,,,,NOT_AVAILABLE,279.48159254687954,-31.678298347555863,305.846898426801,-86.74870000726082,False,False,0,True,False,False,False,False,False,True,False,7.946373e-05,0.00022015476,0.9997001,9998.155,9994.956,9999.561,3.2968,3.2948,3.3003,-1.3004,-1.301,-1.3,14443.271,14380.815,14489.047,0.9381,0.9333,0.9429,0.8767,0.8725,0.8811,0.4716,0.4693,0.474,PHOENIX,0.0153788963505028,IN,1,3
907,628,1636148068921376768,Gaia DR3 4657679659320172416,4657679659320172416,273814291,2016.0,84.65667440979496,0.21928649,-69.10831057369502,0.2005536,-0.7092620802544954,0.20354745,-3.484505,3.8989594,3.8808012524189777,0.33008477,0.3758544574309034,0.26593965,-0.041841052,-0.08133364,-0.06578794,-0.10463352,0.063180946,-0.11203882,-0.3738415,0.17436436,-0.19700332,-0.15236664,275,0,274,1,15.876305,906.9201,1.7644795,19.033577,95,False,,1.760576,0.05899366,-0.08734599,-0.1163967,-0.15093094,0.082223766,0.06263316,31,23,0.46609738,36,36,0,0.019740377,30.100163,26,0,1.757493,0.019322734,0.17087044,0.078862295,0.171244,148.40613,20.321886,-5.282726,-10.043556,False,288,1236.0933464473512,4.9609413,249.16508,17.95724,26,4264.401667749159,363.2983,11.738017,16.263897,26,3911.695828160376,263.28036,14.85753,15.766983,6.614466,0.0,26.0,0.0,26.0,0.0,0.4969139,-1.6933422,2.190256,,,,,,,,,,,,,,,,,,,,,,,NOT_AVAILABLE,279.4747263606439,-31.67812528715001,305.9024311188839,-86.75362628433429,False,True,0,True,False,False,False,False,False,True,False,2.6597345e-08,1.0,4.0384518e-10,,,,,,,,,,,,,,,,,,,,,,,0.0102516882189138,IN,2,3
153,663,1636148068921376768,Gaia DR3 4657679655028623104,4657679655028623104,1375665231,2016.0,84.65824452853097,0.105724275,-69.1042643884827,0.09776433,-0.0891054411700293,0.101495296,-0.8779268,2.2359583,2.133294693509104,0.14799564,0.6697484181976581,0.12602729,0.014472899,0.015610942,0.0008861226,-0.004640214,0.11699117,0.023951717,-0.3610183,0.20966473,-0.19351022,-0.010069058,257,0,256,1,29.800661,3341.9849,1.0350986,112.97507,95,False,,1.7578262,0.030304356,-0.048438713,-0.030650282,-0.10938455,0.031995967,0.14332353,29,22,0.20526846,33,11,0,0.0155602945,123.44876,61,0,2.5933628,0.119653,0.12982196,0.05750359,0.16493881,17.932825,-6.3514357,-56.88033,2.1326919,False,253,10567.170476858066,19.706583,536.2254,15.62747,10,9276.995744978043,159.91298,58.012775,15.420024,11,6949.572789292387,267.04205,26.024263,15.143001,1.5355642,0.0,0.0,0.0,0.0,0.0,0.27702332,-0.2074461,0.4844694,,,,,,,,,,,,,,,,,,,,,,,NOT_AVAILABLE,279.46992777732294,-31.678030668993777,305.94172898896244,-86.7570523440921,True,False,0,False,False,False,False,False,False,True,False,0.027034707,0.049322646,1.4145455e-05,,,,,,,,,,,,,,,,,,,,,,,0.0073589864013653,IN,1,3
132,713,1636148068921376768,Gaia DR3 4657679624951967232,4657679624951967232,253401857,2016.0,84.66049047332938,0.025136705,-69.11292996966141,0.025344111,0.5169654464380654,0.02515008,20.555222,5.3234043,2.557116069522932,0.036263883,4.669024577301563,0.033129312,0.058850065,-0.07286735,-0.13851763,-0.053983092,0.079989225,-0.03460838,-0.412522,0.25520545,-0.18979356,-0.021466672,299,9,299,0,2.1669092,379.21072,0.09786286,1.5614836,95,False,,1.5527955,0.0077572204,-0.09513722,-0.08698051,-0.12501256,0.037097335,0.12382991,34,25,0.050586205,37,14,0,0.013414019,31.19705,1,0,1.0896658,,,,,,,,,False,307,14498.904118408364,10.609673,1366.5742,15.284029,23,9440.755536003078,368.2269,25.638418,15.401026,23,11033.092995317636,333.60245,33.07258,14.641152,1.4120963,0.0,23.0,0.0,23.0,0.0,0.7598734,0.116996765,0.6428766,,,,,,,,,,,,,,,,,,,,,,,NOT_AVAILABLE,279.4799364788729,-31.67624628752168,305.83095793788414,-86.751019585567,False,False,0,True,False,False,False,False,True,True,False,3.361678e-08,9.808219e-09,0.9999919,5699.515,5684.3916,5725.8115,4.1932,4.1864,4.2039,-4.0414,-4.1262,-3.8487,1547.5878,1518.5483,1569.7762,0.0114,0.0035,0.0276,0.0096,0.003,0.0234,0.0053,0.0016,0.0129,MARCS,0.0133040337286967,IN,1,3
110,752,1636148068921376768,Gaia DR3 4657679659312971008,4657679659312971008,1810357339,2016.0,84.6622473832428,0.16512193,-69.1019614428619,0.27804977,-0.3962590074818519,0.19105923,-2.0740113,1.3622583,-0.2882930704771817,0.23898351,1.331403371651113,0.31651333,-0.10492045,-0.16123888,-0.13503061,0.064605586,0.09063425,-0.092191406,-0.7108673,0.21265212,-0.24944252,0.06347367,220,0,211,9,25.026974,1378.6993,1.6019768,58.82947,95,False,,1.6034518,0.048216544,-0.15275937,0.11467464,-0.20894255,0.059793506,-0.019646615,24,19,0.48994637,29,13,0,0.020616464,19.774666,28,0,2.4612095,0.1126845,0.22326474,0.06784419,0.19470666,-62.189735,74.64485,20.923874,22.03264,False,220,3091.4588065132707,7.1001487,435.40762,16.961958,3,9028.79988858754,424.60217,21.26414,15.449467,2,7312.976714013189,12.718104,575.00525,15.08766,5.286105,0.0,3.0,0.0,2.0,0.0,0.36180687,-1.5124912,1.8742981,,,,,,,,,,,,,,,,,,,,,,,NOT_AVAILABLE,279.4670480197176,-31.676874803782987,305.94930307634286,-86.75972790879437,False,False,0,False,False,False,False,False,False,True,False,2.4574658e-07,0.0056780516,0.9943217,,,,,,,,,,,,,,,,,,,,,,,0.0052378980803005,IN,1,3
183,812,1636148068921376768,Gaia DR3 4657679659312953088,4657679659312953088,310774843,2016.0,84.66403515348293,0.14527355,-69.10086624051038,0.1561525,0.0178841219620468,0.16038136,0.11150998,1.4727257,1.072159842319198,0.19590423,1.0096506486043757,0.2578313,-0.08621421,-0.13670178,-0.17224781,0.015027458,0.18099782,0.004014962,-0.29098818,0.25045976,-0.36651292,-0.15976216,247,0,247,0,32.22497,2049.2573,1.4641818,72.94582,95,False,,1.5830742,0.040924165,-0.19967227,0.013562175,-0.0968707,0.08625019,-0.052760504,29,21,0.36828876,36,12,0,0.021006405,68.68678,1,31,2.7810767,0.23186153,0.10124937,0.09152186,0.009677181,-69.16829,62.471184,-51.78911,-37.968967,False,261,4023.0677946520777,10.041559,400.64175,16.675974,0,,,,,0,,,,,,,,,,2.0,,,,,,,,,,,,,,,,,,,,,,,,,,NOT_AVAILABLE,279.4656840873025,-31.67636604017777,305.95346053409924,-86.76097328423451,False,False,0,False,False,False,False,False,False,False,False,,,,,,,,,,,,,,,,,,,,,,,,,,0.0045000300842094,IN,1,3
44,883,1636148068921376768,Gaia DR3 4657679659312983552,4657679659312983552,1810646939,2016.0,84.66602034077314,0.09053945,-69.10223453618956,0.092983164,-0.1231312302031252,0.06461316,-1.9056679,1.5843314,0.6490583618575814,0.09783056,1.4452782461075924,0.0945975,-0.7414021,-0.27165365,-0.33386686,0.48308775,0.2977032,0.32845658,-0.66828614,0.17044105,-0.4862446,-0.52169144,133,0,132,1,3.703103,328.29178,0.33190536,9.382324,95,False,,1.6784142,0.017340701,0.05344158,-0.15193526,-0.27629286,-0.22474013,0.31212753,15,12,0.18387617,32,13,0,0.025235044,140.69183,9,93,1.239278,0.1545216,0.648624,0.21411577,0.29115263,-70.776085,39.249985,3.6454532,-37.529526,False,126,13488.81551402595,73.791405,182.79657,15.3624325,2,29540.81385116523,2990.8594,9.877032,14.162486,2,21781.88665412006,1279.2633,17.0269,13.902657,3.8048337,0.0,2.0,0.0,2.0,0.0,0.25982952,-1.1999464,1.4597759,,,,,,,,,,,,,,,,,,,,,,,NOT_AVAILABLE,279.4671866282736,-31.675506622834096,305.9281367108623,-86.76040228012201,False,False,0,False,False,False,False,False,False,True,False,1.3678604e-08,4.97048e-06,0.999995,,,,,,,,,,,,,,,,,,,,,,,0.0040065436289342,IN,1,3
168,930,1636148068921376768,Gaia DR3 4657679659312960256,4657679659312960256,1759388972,2016.0,84.66758802492895,0.041726205,-69.0999746481446,0.048400912,0.1226236725976283,0.04253076,2.8831763,1.7608297,1.712863700985708,0.06189058,0.4081901740891059,0.066211805,0.09962395,-0.14904429,-0.11910923,-0.0961476,-0.10681687,-0.1570566,-0.5276143,0.20605922,-0.11816461,0.094941266,285,241,283,2,25.483377,4823.434,0.45827284,159.49373,31,False,1.733718,,,,,,,,32,22,0.09790867,35,13,0,0.0135956975,9.121545,47,0,2.2551515,,,,,,,,,False,287,142996.7835069443,138.50214,1032.4518,12.799051,16,113704.08932997602,906.7193,125.40164,12.699102,16,82388.27075958971,786.22015,104.79033,12.458232,1.3713061,0.0,16.0,0.0,16.0,0.0,0.24087048,-0.09994888,0.34081936,,,,,,,,,,,,,,,,,,,,,,,NOT_AVAILABLE,279.4644736149774,-31.6752084232387,305.9468319289922,-86.76247697469243,False,False,0,False,False,False,False,False,True,True,False,6.432906e-08,5.2856155e-09,0.99989235,35671.504,32891.535,36972.656,4.2782,4.2351,4.3414,-0.972,-0.9935,-0.9175,8761.42,6775.267,9970.246,1.347,1.3416,1.3518,1.3271,1.321,1.3319,0.7267,0.7226,0.7296,OB,0.0033728062394535,IN,1,3
54,1000,1636148068921376768,Gaia DR3 4657685534828067712,4657685534828067712,812836607,2016.0,84.6700246113533,0.07141351,-69.09032044887591,0.061732523,0.3129863806317681,0.06271212,4.990844,2.1471205,2.1298813776339847,0.094893575,0.2715363108609215,0.08253282,0.06795011,-0.03235485,-0.3276515,-0.11599522,-0.106759384,-0.1055711,-0.4312937,0.21044113,-0.19307566,-0.04934743,254,0,251,3,29.84026,3630.0437,0.6176142,102.9729,95,False,,1.6539117,0.020127425,-0.1611907,-0.069146186,-0.16614625,-0.06148543,0.22389716,29,21,0.13458823,33,14,0,0.011737463,169.775,11,0,2.614401,0.17560706,0.17376243,0.020455936,0.22543564,-49.70103,2.32495,-5.510056,-10.811711,False,250,30474.041795465677,64.17703,474.8434,14.477542,25,37320.174379508615,361.45764,103.24909,13.908683,26,27746.21766482923,230.91602,120.15718,13.639886,2.1351416,0.0,25.0,0.0,26.0,0.0,0.26879692,-0.5688591,0.837656,,,,,,,,,,,,,,,,,,,,,,,NOT_AVAILABLE,279.4530870135134,-31.67544326968481,306.0473295584732,-86.77033984348984,False,False,0,True,True,False,False,False,False,True,False,1.3214941e-07,2.589979e-07,0.9999993,,,,,,,,,,,,,,,,,,,,,,,0.0108780068734323,IN,1,3
184,1061,1636148068921376768,Gaia DR3 4657679659312960640,4657679659312960640,654592291,2016.0,84.67146363680178,7.455972,-69.10082338535963,2.0783484,,,,,,,,,0.9778966,,,,,,,,,,78,0,78,0,86.64622,14078.428,3.42905,923.2653,3,False,,,,,,,,,9,6,15.88437,22,8,7,0.3722628,151.65898,45,47,,0.28650373,0.8955497,0.15742137,0.7639038,-25.809782,-16.332006,-18.929031,-13.2586355,False,94,14758.013769676412,147.8763,99.79973,15.264797,0,,,,,0,,,,,,,,,,2.0,,,,,,,,,,,,,,,,,,,,,,,,,,NOT_AVAILABLE,279.4652794820543,-31.673738237751568,305.91848489110856,-86.76273985069275,False,False,0,False,False,False,False,False,False,False,False,,,,,,,,,,,,,,,,,,,,,,,,,,0.0018531223579461,IN,1,3
47,1138,1636148068921376768,Gaia DR3 4657685569187830528,4657685569187830528,719225158,2016.0,84.67332927435872,11.74,-69.08855673893892,11.896113,,,,,,,,,0.9978221,,,,,,,,,,44,0,44,0,5.8732867,115.883644,0.74081784,4.1684175,3,False,,,,,,,,,5,5,190.83524,5,3,3,0.024185816,86.51044,0,100,,0.18731607,0.79642594,0.17216471,0.6123826,-134.65952,1.2711668,-17.742598,-6.6937046,False,43,3292.850156673976,18.503319,177.95998,16.893436,0,,,,,0,,,,,,,,,,2.0,,,,,,,,,,,,,,,,,,,,,,,,,,NOT_AVAILABLE,279.4508704727597,-31.674471961717035,306.0520599061866,-86.77244479985461,False,False,0,False,False,False,False,False,False,False,False,,,,,,,,,,,,,,,,,,,,,,,,,,0.0124383777484005,IN,1,3
55,1208,1636148068921376768,Gaia DR3 4657685569167431040,4657685569167431040,11598309,2016.0,84.67513676913019,0.18949644,-69.0836497420542,0.122132964,0.4690897605779831,0.15469645,3.032324,2.3168187,2.280120151495849,0.28521755,0.4107328940263557,0.19449426,-0.09296804,0.40568528,-0.24811304,-0.064576656,-0.0085094385,-0.048864473,-0.06366769,0.1114219,-0.1885654,-0.344167,167,0,167,0,12.096082,560.3291,1.0252709,20.228075,95,False,,1.6257082,0.04296448,-0.13151583,-0.04260774,-0.17294244,-0.045447383,0.118336715,20,16,0.4137875,24,10,0,0.028481234,65.83758,11,0,1.7424415,0.16950129,0.31226358,0.079492725,0.27195272,-37.39245,12.682317,-17.998417,-22.125376,False,182,3057.8517450477666,7.2300167,422.93842,16.973825,0,,,,,0,,,,,,,,,,2.0,,,,,,,,,,,,,,,,,,,,,,,,,,NOT_AVAILABLE,279.4450558265588,-31.674388412248437,306.1006337050088,-86.77657098595608,False,False,0,False,False,False,False,False,False,False,False,,,,,,,,,,,,,,,,,,,,,,,,,,0.0172972748294001,IN,1,3
129,1266,1636148068921376768,Gaia DR3 4657685534828216192,4657685534828216192,1124572554,2016.0,84.6766350545961,0.9239643,-69.10084108918807,1.0459899,,,,,,,,,-0.039048187,,,,,,,,,,286,286,266,20,507.89484,1033206.75,9.920224,48206.31,3,False,,,,,,,,,32,23,2.2824602,38,14,1,0.02870201,76.94882,96,0,,,,,,,,,,False,286,396106.7136105957,1850.024,214.10895,11.692837,34,1045053.8698421426,8751.163,119.41885,10.290695,32,825063.0292780532,3046.2349,270.84683,9.956677,4.7212453,0.0,34.0,0.0,32.0,0.0,0.33401775,-1.4021416,1.7361593,,,,,,,,,,,,,,,,,,,,,,,NOT_AVAILABLE,279.4650535400296,-31.67190343036463,305.8935608859698,-86.76393284182204,True,True,0,True,True,False,False,False,False,False,False,0.039042156,0.9278709,0.00022198884,,,,,,,,,,,,,,,,,,,,,,,9.76301656314723e-05,IN,1,3
68,1328,1636148068921376768,Gaia DR3 4657685534828216576,4657685534828216576,376707213,2016.0,84.67815987978473,0.5570328,-69.099811860806,0.54020697,,,,,,,,,-0.022884918,,,,,,,,,,220,0,220,0,215.11002,106594.234,5.1673937,3022.3152,3,False,,,,,,,,,25,18,1.2205919,31,10,2,0.22758089,18.728037,69,16,,0.13234343,0.19229585,0.16638829,0.17610703,6.152271,26.093771,-11.417898,-16.160887,False,210,13720.295864912938,194.29652,70.61524,15.343958,0,,,,,0,,,,,,,,,,2.0,,,,,,,,,,,,,,,,,,,,,,,,,,NOT_AVAILABLE,279.4637793739151,-31.6714800356302,305.8981901502633,-86.7650672724311,False,False,0,False,False,False,False,False,False,False,False,,,,,,,,,,,,,,,,,,,,,,,,,,0.0012491061904497,IN,1,3
149,1392,1636148068921376768,Gaia DR3 4657685569187838720,4657685569187838720,457164868,2016.0,84.67976233401545,0.14917731,-69.09015534098963,0.11898348,-0.8753713398569991,0.13138324,-6.6627326,2.6881356,0.7409193580116136,0.186276,2.5840108445027163,0.15555349,0.06477517,0.092887156,-0.32273436,-0.07152944,0.05840976,-0.027527696,-0.33330688,0.09324343,-0.2457221,-0.038905468,247,0,247,0,25.025112,1942.4954,1.1842462,48.451744,95,False,,1.7449691,0.03769468,-0.3250494,-0.028851153,-0.30092826,0.14375694,0.12761348,28,21,0.26399213,35,14,0,0.03175704,7.988857,0,6,2.332887,0.22323492,0.21532613,0.14012863,0.15238878,-77.92341,-5.626307,-7.6459837,-6.0422378,False,272,4030.0347573451754,19.095238,211.04921,16.674095,6,9685.1704485681,488.20242,19.838432,15.373274,6,7899.099431517352,376.49216,20.980782,15.003952,4.3633046,0.0,6.0,0.0,6.0,0.0,0.36932182,-1.3008213,1.6701431,,,,,,,,,,,,,,,,,,,,,,,NOT_AVAILABLE,279.45243019155464,-31.672009182135263,306.0026482514662,-86.77274265034802,False,False,0,False,False,False,False,False,False,True,False,6.078313e-08,0.012872946,0.9871269,,,,,,,,,,,,,,,,,,,,,,,0.0108403515705355,IN,1,3
165,1449,1636148068921376768,Gaia DR3 4657685534828261504,4657685534828261504,58095339,2016.0,84.68118664192504,0.1879711,-69.10058671065391,0.25179297,0.2277820773466481,0.21850932,1.0424365,2.2212281,1.94495741779285,0.25289485,1.0728441245901863,0.25991708,0.27577206,-0.14557613,-0.16273673,-0.20758876,-0.14062679,-0.25614527,-0.3728169,0.30049595,-0.18452942,0.12670363,191,0,189,2,54.50914,4650.0967,1.788707,181.46257,95,False,,1.5154135,0.05492937,-0.1551983,0.08365846,-0.2518171,0.047136754,0.11011232,22,16,0.40337625,31,12,0,0.024779411,50.866917,13,38,4.934124,0.18732369,0.2778059,0.09965441,0.27481967,-49.384357,-71.24464,20.603891,13.318522,False,200,7119.848674923715,50.630566,140.62352,16.05619,2,25911.355493359664,2349.527,11.028328,14.304817,2,26661.75369618065,475.02023,56.127617,13.683174,7.384021,0.0,2.0,0.0,2.0,0.0,0.62164307,-1.7513733,2.3730164,,,,,,,,,,,,,,,,,,,,,,,NOT_AVAILABLE,279.4645396956085,-31.67031920588684,305.87473353935417,-86.76518659691557,False,False,0,False,False,False,False,False,False,True,False,2.7326823e-08,3.5427616e-05,0.9999645,,,,,,,,,,,,,,,,,,,,,,,0.001656700587775,IN,1,3
52,1516,1636148068921376768,Gaia DR3 4657685569187821568,4657685569187821568,635951798,2016.0,84.68296667602417,0.11338719,-69.08879542058249,0.09644754,-0.1150763328686954,0.10621681,-1.0834098,2.1782446,1.6356275415177175,0.13752826,1.4385661471644215,0.12977149,0.0026245117,-0.11352138,-0.22539385,-0.04322779,-0.009732666,-0.060505994,-0.35941422,0.15174878,-0.2633602,-0.054708395,266,0,266,0,16.522327,1271.2235,0.9725612,40.31912,95,False,,1.7037688,0.029336793,-0.19211452,-0.022312,-0.26613903,0.10014992,0.1234553,30,22,0.19492638,35,15,0,0.049656693,29.976942,0,0,1.8044772,0.16444018,0.18072447,0.065753765,0.13511305,-63.265026,6.867556,-2.0924108,-12.894568,False,286,4881.887700421535,16.238155,300.64297,16.465897,10,13905.817256202348,582.1654,23.886368,14.980551,8,10235.793913155372,164.24692,62.31955,14.722591,4.9451385,0.0,10.0,0.0,8.0,0.0,0.25795937,-1.4853458,1.7433052,,,,,,,,,,,,,,,,,,,,,,,NOT_AVAILABLE,279.4506900746918,-31.671027303842745,306.00312586331745,-86.77451933830434,False,False,0,False,False,False,False,False,False,True,False,2.8317906e-08,0.0050746934,0.9949252,,,,,,,,,,,,,,,,,,,,,,,0.012350691916637,IN,1,3
39,1572,1636148068921376768,Gaia DR3 4657685534828260352,4657685534828260352,714832728,2016.0,84.68452579552014,0.4136116,-69.09921125650745,1.1514889,,,,,,,,,0.9564418,,,,,,,,,,44,0,44,0,2.7082312,67.178795,0.32495382,3.1906202,3,False,,,,,,,,,5,5,2.1526833,12,2,2,0.18211931,35.011055,0,90,,0.61375904,0.63787895,0.55453134,0.29294366,110.61376,-53.97596,-13.092857,9.211311,False,49,7834.343907570088,42.736214,183.31862,15.95236,0,,,,,0,,,,,,,,,,2.0,,,,,,,,,,,,,,,,,,,,,,,,,,NOT_AVAILABLE,279.462775030279,-31.66929198040313,305.8746808121234,-86.76700616908654,False,False,0,False,False,False,False,False,False,False,False,,,,,,,,,,,,,,,,,,,,,,,,,,0.0032985833636502,IN,1,3
202,1621,1636148068921376768,Gaia DR3 4657685530545503360,4657685530545503360,1499487937,2016.0,84.68591475150707,0.061857704,-69.0929817446317,0.04968101,-0.1050143886148582,0.055223547,-1.9016234,1.3608598,1.09102721882428,0.077376045,0.8133872134773142,0.06994787,0.08406437,0.11189108,-0.15986466,-0.11158399,0.0050049596,-0.0075582443,-0.32782003,0.16519861,-0.3326769,-0.17732877,221,0,217,4,6.681149,619.8095,0.42656788,17.13279,95,False,,1.6953154,0.018439421,-0.22559261,-0.10457463,-0.14991325,-0.20799784,0.17758413,25,18,0.112789504,34,12,0,0.022483883,59.14438,27,42,1.3405302,0.24142097,0.22433478,0.04880836,0.28693238,-77.852234,-3.6244824,-4.5268188,-9.369423,False,245,11219.275207512126,36.22899,309.67676,15.562455,0,,,,,0,,,,,,,,,,0.0,,,,,,,,,,,,,,,,,,,,,,,,,,NOT_AVAILABLE,279.4554368098417,-31.669506862035583,305.9403045023461,-86.77204370427701,False,False,0,False,False,False,False,False,False,True,False,5.2593205e-06,5.920121e-05,0.9999352,,,,,,,,,,,,,,,,,,,,,,,0.0086163768776012,IN,1,3
56,1698,1636148068921376768,Gaia DR3 4657685534807623552,4657685534807623552,514372365,2016.0,84.68788968795192,0.0593097,-69.09526166423413,0.06196683,0.0037551311628896,0.061838903,0.060724415,1.9889834,1.8754343709605896,0.09278577,0.6624204296303026,0.08847918,-0.014876701,-0.081857145,-0.037650492,0.103913836,0.1841209,0.11839669,-0.45379028,0.16127537,-0.3463102,0.04791239,245,0,244,1,1.8656173,358.40286,0.2944593,3.2953625,95,False,,1.6676311,0.01836899,-0.15632004,0.022305693,-0.21934938,0.15336229,0.17248414,28,21,0.1295407,34,11,0,0.01783721,35.052677,1,21,1.0852782,0.24743074,0.105639376,0.03159695,0.21632642,-26.9111,-12.548497,-50.49078,10.210468,False,241,4511.067462407156,8.09814,557.04987,16.551668,0,,,,,0,,,,,,,,,,2.0,,,,,,,,,,,,,,,,,,,,,,,,,,NOT_AVAILABLE,279.4580043437351,-31.66854795466568,305.90436332968125,-86.77077985964773,False,False,0,False,False,False,False,False,False,False,False,,,,,,,,,,,,,,,,,,,,,,,,,,0.006950683981737,IN,1,3
273,1751,1636148068921376768,Gaia DR3 4657685534807640576,4657685534807640576,1554930637,2016.0,84.68959122572416,0.08478348,-69.09557367362048,0.079315424,-0.1128829141509808,0.08576522,-1.3161852,0.9792337,0.8922698648524519,0.121393465,0.4034267481251645,0.11247397,0.04950051,-0.02922919,-0.013605386,-0.021418728,-0.0035003675,-0.024173457,-0.3063212,0.14019714,-0.30425814,0.036499362,299,0,290,9,46.821682,6793.615,0.8931063,159.88246,95,False,,1.6735187,0.02498312,-0.14658743,0.021428285,-0.22562216,0.09968195,0.14108613,34,25,0.16865215,40,15,0,0.022497753,58.11314,21,0,3.5084956,0.17429337,0.08473797,0.026692325,0.10395518,-57.950798,-0.40586287,32.897804,-1.6176926,False,320,19617.704493548797,32.669662,600.48694,14.955747,14,22683.10982814328,262.15884,86.5243,14.4492855,16,14574.408547852938,133.59274,109.09581,14.338918,1.8991783,0.0,14.0,0.0,16.0,0.0,0.110367775,-0.50646114,0.6168289,,,,,,,,,,,,,,,,,,,,,,,NOT_AVAILABLE,279.4582876287544,-31.667909342369164,305.8925858756627,-86.77094059790225,False,False,0,False,False,False,False,False,False,True,False,3.9689652e-08,2.5354313e-07,0.9999873,,,,,,,,,,,,,,,,,,,,,,,0.007078438379476,IN,1,3
151,1797,1636148068921376768,Gaia DR3 4657685534807638656,4657685534807638656,867873136,2016.0,84.6913078174908,0.16794507,-69.09745884739809,0.17646545,0.4949951538311241,0.15466405,3.2004538,3.27862,2.625187896393718,0.22715102,1.9641123929438515,0.2313685,0.47427183,-0.13019079,-0.39966214,-0.38084677,-0.13694021,-0.3840995,-0.51436687,0.39901215,0.014453714,0.32330325,193,0,193,0,76.265816,9273.089,1.3209289,336.0032,95,False,,1.5093642,0.045335405,-0.26612478,-0.13461597,-0.10377737,0.17744885,0.10076443,22,17,0.39140475,36,13,0,0.020938799,45.015682,15,51,6.910038,0.12175688,0.2823168,0.2496692,0.31223536,-79.59637,-48.716927,49.927628,2.8431158,False,217,22784.9558878225,65.15212,349.71933,14.793246,0,,,,,0,,,,,,,,,,0.0,,,,,,,,,,,,,,,,,,,,,,,,,,NOT_AVAILABLE,279.46040664837835,-31.667086950663908,305.86249223392906,-86.76991361897956,False,False,0,False,False,False,False,False,False,True,False,1.7388074e-07,1.1690833e-08,0.99999934,,,,,,,,,,,,,,,,,,,,,,,0.0062816412132877,IN,1,3
108,1848,1636148068921376768,Gaia DR3 4657685534807637504,4657685534807637504,1006758151,2016.0,84.6931418064094,0.19201858,-69.09727392439477,0.14751332,0.5796314575905617,0.15610869,3.712999,1.8206458,-1.0249650221900464,0.25106296,1.5047252041152808,0.18296497,-0.08712016,-0.16937202,-0.20260517,-0.12319289,0.16287775,-0.25097492,-0.5109496,-0.05631168,-0.28413442,0.08051408,177,0,175,2,16.915642,783.2244,1.0720776,24.47532,95,False,,1.6065973,0.04276015,-0.20570418,-0.11155099,-0.33103508,0.2562782,0.15854113,20,15,0.35414657,30,13,1,0.04431428,32.044334,2,65,2.0468175,0.109857254,0.3805519,0.12547918,0.2801421,-6.641324,17.069271,10.807353,-18.46769,False,204,3077.7990013140247,8.586761,358.43536,16.966766,0,,,,,0,,,,,,,,,,2.0,,,,,,,,,,,,,,,,,,,,,,,,,,NOT_AVAILABLE,279.46010357464826,-31.66645781741724,305.8558411143338,-86.77048100327204,False,False,0,False,False,False,False,False,False,False,False,,,,,,,,,,,,,,,,,,,,,,,,,,0.0069319533866546,IN,1,3
109,1917,1636148068921376768,Gaia DR3 4657685564905237632,4657685564905237632,1200796129,2016.0,84.69544817650313,0.10256368,-69.0935833880283,0.105631255,-0.2043481554773246,0.106996164,-1.9098643,0.9081752,0.8790034179135693,0.15229799,0.2283312434275674,0.13634552,-0.0402296,-0.008868425,0.019301891,-0.061602954,-0.017153027,-0.056883603,-0.36307588,0.1641118,-0.30488026,-0.07219098,265,0,257,8,42.30099,3489.6792,1.0340283,96.409485,95,False,,1.6099739,0.029522648,-0.20090741,0.050493293,-0.22345386,0.13000377,0.13310836,30,23,0.21355164,35,14,0,0.03027579,42.064175,21,35,3.3925016,0.12706241,0.08374703,0.034129724,0.08371386,-56.08688,39.13909,37.24467,5.2103906,False,247,9366.899270500482,21.211723,441.59067,15.758377,0,,,,,0,,,,,,,,,,2.0,,,,,,,,,,,,,,,,,,,,,,,,,,NOT_AVAILABLE,279.4556858189804,-31.666058598576665,305.88759107757505,-86.77381286084318,False,False,0,False,False,False,False,False,False,False,False,,,,,,,,,,,,,,,,,,,,,,,,,,0.0099543321393324,IN,1,3
587,1949,1636148068921376768,Gaia DR3 4657685534807741184,4657685534807741184,939831445,2016.0,84.69710750500488,0.7729631,-69.1001556340821,0.9249478,,,,,,,,,0.12814201,,,,,,,,,,202,0,202,0,131.77057,31445.28,8.002185,808.58185,3,False,,,,,,,,,24,18,2.200507,29,6,0,0.1635858,106.19982,16,0,,0.2257775,0.2570677,0.09187292,0.1492353,-40.56892,-74.136856,-32.383057,15.997723,False,218,1479.1794019411764,18.55899,79.7015,17.762314,9,2764.1641516735667,83.31291,33.1781,16.734632,9,2242.790827753579,69.610916,32.218952,16.370924,3.3849545,0.0,9.0,0.0,9.0,0.0,0.3637085,-1.0276814,1.3913898,,,,,,,,,,,,,,,,,,,,,,,NOT_AVAILABLE,279.46327899978206,-31.66472536826714,305.8034383148081,-86.76922113486737,False,False,0,False,False,False,False,False,False,False,False,0.0023531509,0.011252042,0.9862009,,,,,,,,,,,,,,,,,,,,,,,0.0073402265198693,IN,2,3
239,1986,1636148068921376768,Gaia DR3 4657679659311715456,4657679659311715456,41863857,2016.0,84.6988476609278,0.036503065,-69.11250914408868,0.03859672,0.0310781424591793,0.037135288,0.83688974,1.909937,1.8102392495243784,0.054535814,0.609010256138087,0.05638632,0.1603889,-0.11922609,-0.23859008,-0.16657801,-0.0810572,-0.17245466,-0.432683,0.32103947,-0.0583377,0.11347998,281,0,280,1,-2.2082572,328.83948,0.14732179,1.7478027,95,False,,1.679733,0.0112860855,-0.13534983,-0.026904501,-0.17907941,0.021175032,0.13877346,32,24,0.08385851,37,12,0,0.018464021,35.323135,0,0,0.9059895,0.124717146,0.047935024,0.049438592,0.12789665,-33.350716,-39.504715,49.47031,-1.7618012,False,304,7498.545379967855,9.50775,788.6772,15.999925,35,6687.819572820344,195.99078,34.123135,15.775331,35,4815.50747635068,158.75262,30.333405,15.54129,1.5340744,0.0,16.0,0.0,16.0,0.0,0.23404026,-0.22459412,0.45863438,,,,,,,,,,,,,,,,,,,,,,,NOT_AVAILABLE,279.47761663185696,-31.66270751236597,305.6525277268048,-86.7602512511982,False,False,0,True,False,False,False,False,False,True,False,4.1581174e-08,6.495631e-08,0.99998534,,,,,,,,,,,,,,,,,,,,,,,0.0140197844769458,IN,1,3
384,2013,1636148068921376768,Gaia DR3 4657685667984452864,4657685667984452864,1434032419,2016.0,84.7004098878044,0.23804644,-69.07841085567671,0.23026775,0.1864766364064456,0.23490375,0.79384273,1.8775558,0.8351050741996803,0.33510625,1.6816109220103914,0.3430881,0.09916509,-0.066004686,-0.097616,-0.18587151,0.09106692,-0.12762867,-0.39737478,0.24392699,-0.22173242,-0.026580192,264,0,264,0,74.4375,14459.12,2.4639184,608.4187,95,False,,1.6978703,0.06841683,-0.2181025,-0.103727646,-0.21309504,0.058152575,0.19635355,30,24,0.4893864,36,12,0,0.07260375,0.35797003,38,0,5.680806,0.12058876,0.08333259,0.014894201,0.15905839,-63.68037,-3.1153843,-45.2892,-5.9794784,False,283,10843.175175720138,39.65035,273.46985,15.599476,31,13275.82222718986,143.04297,92.81003,15.030889,33,12253.72995076811,115.49672,106.09592,14.527225,2.3544352,0.0,31.0,0.0,33.0,0.0,0.503664,-0.5685873,1.0722513,,,,,,,,,,,,,,,,,,,,,,,NOT_AVAILABLE,279.43773833880533,-31.666016579623104,306.0405249425491,-86.78644439846856,True,True,0,True,False,False,False,False,False,True,False,0.030247146,0.9580282,5.5039247e-05,6813.447,6803.512,6877.196,2.5123,2.51,2.5261,-3.965,-3.993,-3.8345,24294.959,23981.568,24362.191,0.227,0.2165,0.2667,0.2021,0.1928,0.238,0.1098,0.1047,0.1292,MARCS,0.0240711491197597,IN,1,3
174,2049,1636148068921376768,Gaia DR3 4657685569188021120,4657685569188021120,1697884930,2016.0,84.70197673658996,0.022068303,-69.09241073723503,0.022968493,0.0207852330937227,0.02288497,0.9082482,2.003746,1.881684646798553,0.02970097,0.6886659446836918,0.031679913,-0.030097071,-0.1364069,-0.17047657,-0.004443318,0.060578164,-0.02859267,-0.37699822,0.24707705,-0.27703235,-0.08452132,265,256,265,0,6.295488,1202.1952,0.21181838,34.152405,31,False,1.2640384,,,,,,,,30,25,0.045824755,36,14,0,0.016327415,123.8241,0,0,1.2870185,,,,,,,,,False,280,209711.4261981688,1799.1812,116.55937,12.383311,34,35674.25379685379,1423.7579,25.056404,13.957655,32,263086.9870659521,5522.964,47.63511,11.197647,1.4246303,0.0,13.0,0.0,0.0,0.0,2.7600079,1.5743437,1.1856642,,,,,,,,,,,,,,,,,,,,,,,VARIABLE,279.45400687151505,-31.66387669645692,305.8698546406791,-86.77622266567764,False,False,0,True,True,False,True,False,False,True,False,1.0264799e-13,5.127216e-13,0.999938,3839.777,3833.9402,3846.4905,0.5422,0.5358,0.5463,0.324,0.3189,0.3591,16110.498,15997.863,16263.163,2.1878,2.164,2.2111,1.4532,1.4359,1.4698,0.7969,0.7891,0.8045,MARCS,0.0124254110800274,IN,1,3
564,2103,1636148068921376768,Gaia DR3 4657685667984728960,4657685667984728960,967324678,2016.0,84.7049448431427,0.09902777,-69.0842026076238,0.096639454,0.0130591748478484,0.10074792,0.12962228,2.0316145,1.7938928735440494,0.15840635,0.9536276384112256,0.15120475,-0.012665388,-0.04629886,-0.0809816,-0.12328234,0.1014738,-0.074492306,-0.3171515,0.24733062,-0.29358587,-0.24545449,270,0,268,2,1.8846877,372.08286,0.5442141,4.1022973,95,False,,1.6488515,0.029872565,-0.15935136,-0.100399524,-0.21830128,0.027210679,0.13755566,31,24,0.24090563,37,12,0,0.015862605,44.39375,0,0,1.0821462,0.1050151,0.11347972,0.025564523,0.13257095,-68.86343,24.134796,16.497751,-12.095031,False,286,2342.406724653102,9.213474,254.23708,17.26321,31,11241.44323848625,401.8532,27.974005,15.211487,31,9963.033788892715,276.03397,36.093506,14.751917,9.052432,0.0,16.0,0.0,16.0,0.0,0.45956993,-2.0517235,2.5112934,,,,,,,,,,,,,,,,,,,,,,,NOT_AVAILABLE,279.4442843110309,-31.66375282656199,305.95108973548724,-86.78312706943498,False,True,0,True,False,False,False,False,False,True,False,1.0193717e-07,0.99999976,1.7054588e-09,,,,,,,,,,,,,,,,,,,,,,,0.0195463495229095,IN,2,3
557,2127,1636148068921376768,Gaia DR3 4657685466088284928,4657685466088284928,552934274,2016.0,84.70646300885117,0.09462149,-69.10815061072658,0.10587664,-0.0316381869800979,0.09365766,-0.33780673,2.0793107,1.8503852320326133,0.16039045,0.9484763806252668,0.1782103,0.52748847,-0.22456883,-0.06929942,-0.092035644,-0.29399896,-0.19998515,-0.338547,0.42343953,0.20092314,0.582861,177,0,176,1,2.6490726,243.28159,0.30142826,1.7867128,95,False,,1.6314723,0.026405247,-0.14487797,-0.077170655,-0.11634321,-0.016043205,0.010116771,20,14,0.29855168,24,5,1,0.062367175,45.305588,0,30,1.1450012,0.13205463,0.4887609,0.18954937,0.46663147,-94.98704,-47.017616,55.033455,5.0144253,False,193,2506.228544153426,4.1993604,596.81195,17.189816,0,,,,,0,,,,,,,,,,2.0,,,,,,,,,,,,,,,,,,,,,,,,,,NOT_AVAILABLE,279.47216722535217,-31.66050386076408,305.66619459051884,-86.76532811968826,False,False,0,False,False,False,False,False,False,False,False,,,,,,,,,,,,,,,,,,,,,,,,,,0.0128487524508342,IN,2,3
551,2165,1636148068921376768,Gaia DR3 4657685564905287552,4657685564905287552,54056702,2016.0,84.7082707738707,0.13090917,-69.0943894834747,0.13569227,0.1166663318196488,0.12902537,0.90421236,1.5656691,1.5093855096676954,0.18922974,0.4160229860091494,0.20742327,0.31275162,0.00625277,0.05033703,0.11335275,0.06444915,0.16097786,-0.29786485,0.17312583,-0.2791606,0.17497015,192,0,192,0,-0.55855745,183.68018,0.0,1.473597e-15,95,False,,1.6122634,0.040778995,-0.22581433,-0.09881671,-0.25551188,-0.002939782,0.113454014,22,17,0.30208084,27,7,0,0.013192868,150.80775,0,0,0.9694062,0.2082347,0.29099005,0.104706645,0.41760564,-65.41843,-38.396175,52.1795,8.277233,False,192,1193.3708321964882,2.4409306,488.89996,17.995428,3,362.2253589799584,98.38004,3.6818988,18.941095,2,179.4074384336068,63.928406,2.8063805,19.113295,0.45386797,0.0,1.0,0.0,1.0,1.0,-0.17219925,0.94566727,-1.1178665,,,,,,,,,,,,,,,,,,,,,,,NOT_AVAILABLE,279.45601807700393,-31.6614211845148,305.8166302202868,-86.77618964277886,False,False,0,False,False,False,False,False,False,True,False,0.029778192,8.0732605e-08,0.97021973,,,,,,,,,,,,,,,,,,,,,,,0.0130451782934024,IN,2,3
317,2187,1636148068921376768,Gaia DR3 4657685500468549248,4657685500468549248,1582430671,2016.0,84.71003277141506,0.015723998,-69.09396018796063,0.015586801,-0.0509137187841142,0.016533198,-3.0794842,1.8303379,1.7294483844353932,0.02174366,0.5992870508988137,0.024473932,0.009854906,-0.14905633,-0.24857943,-0.005538045,0.13322283,-0.013453769,-0.2684581,0.2732591,-0.3369516,-0.11714845,266,0,265,1,-3.6427531,258.47,0.0,1.2463744e-15,31,False,1.7421241,,,,,,,,30,25,0.03515199,36,13,0,0.012829293,32.248455,1,0,0.8433749,0.1382139,0.050323054,0.019738829,0.062628254,-62.6189,38.026897,-37.509773,-24.67896,False,267,42142.182980444486,23.670673,1780.3542,14.125574,35,29077.596127295517,77.76409,373.9206,14.179646,33,18596.2800621762,76.657005,242.59074,14.07433,1.1312627,0.0,12.0,0.0,16.0,0.0,0.10531521,0.054071426,0.051243782,,,,,,,,,,,,,,,,,,,,,,,NOT_AVAILABLE,279.45543339746064,-31.660845040844865,305.8131353224016,-86.77692516148599,False,False,0,True,True,False,False,False,True,True,False,5.0943055e-10,2.5445799e-09,4.9933235e-05,25626.23,25484.254,25762.322,4.2102,4.2044,4.2143,0.0024,0.0005,0.0065,12575.063,12408.369,12754.006,0.9466,0.9438,0.9492,0.9362,0.9333,0.939,0.5091,0.5074,0.5107,OB,0.0138045890224092,IN,1,3
546,2202,1636148068921376768,Gaia DR3 4657685461824264832,4657685461824264832,736097535,2016.0,84.71154887237485,0.12816906,-69.10939145822869,0.14580946,-0.3270302049557977,0.13708046,-2.3856807,1.6219983,1.5046473153977826,0.20869146,0.6057351661136927,0.22073759,0.20595817,-0.20643586,-0.21681476,-0.098473355,-0.19796504,-0.1646823,-0.3885926,0.3015437,-0.03280186,0.19244993,257,0,257,0,1.0016458,282.8101,0.19462237,0.2192013,95,False,,1.5505155,0.041698847,-0.11424008,-0.08469845,-0.15393488,0.027609468,0.12279144,29,22,0.33230865,33,10,0,0.012991253,45.236073,8,0,1.0436897,0.07921533,0.077173166,0.15242192,0.114169724,-28.978502,-57.534004,53.09921,3.244095,False,273,910.5252292662292,2.7545297,330.5556,18.289137,27,1151.714244439944,61.462246,18.738564,17.68518,26,1102.5871581911863,51.850983,21.264538,17.141863,2.4758253,0.0,0.0,0.0,1.0,0.0,0.5433178,-0.6039562,1.147274,,,,,,,,,,,,,,,,,,,,,,,NOT_AVAILABLE,279.4733742888178,-31.65856138561492,305.62747439401465,-86.76556425649864,False,False,0,False,False,False,False,False,False,False,False,5.3453976e-05,0.00038059277,0.99956596,,,,,,,,,,,,,,,,,,,,,,,0.0150461930055225,IN,2,3
188,2225,1636148068921376768,Gaia DR3 4657685466108816512,4657685466108816512,1300318541,2016.0,84.71335538359985,0.04931937,-69.09982770082716,0.05896775,0.1204107412035757,0.058813076,2.0473464,1.5678278,1.5118580247493387,0.0707999,0.4151737962170024,0.10133184,-0.021682413,-0.08176115,-0.09817916,-0.06664284,0.0463276,-0.07051496,0.082891524,0.32017556,-0.3344749,-0.15219967,235,0,235,0,30.642723,2365.394,0.5392422,92.299416,31,False,1.7464721,,,,,,,,27,22,0.14253776,35,10,0,0.007789697,54.651756,0,0,2.7262044,0.16318172,0.17223847,0.05994447,0.10096893,-49.14578,87.84934,-59.598305,35.743763,False,259,38139.54551139938,28.07559,1358.4592,14.233928,31,27335.439015746277,47.08286,580.58154,14.246727,31,17179.063169053963,30.419115,564.74567,14.160397,1.1671482,0.0,18.0,0.0,18.0,0.0,0.086330414,0.012799263,0.07353115,,,,,,,,,,,,,,,,,,,,,,,NOT_AVAILABLE,279.46212504320715,-31.65900355104848,305.7291788632522,-86.77324737781733,False,False,0,True,True,False,False,False,True,True,False,5.0943055e-10,2.5445799e-09,4.9933235e-05,27378.244,27180.266,27551.305,4.1843,4.1808,4.1883,0.0023,0.0005,0.006,15386.995,15122.6,15612.635,0.9464,0.9422,0.9501,0.9392,0.9348,0.943,0.5113,0.5088,0.5134,OB,0.0131415751973198,IN,1,3
541,2273,1636148068921376768,Gaia DR3 4657679586285140096,4657679586285140096,1769496555,2016.0,84.71672268845127,0.09322484,-69.12363193676401,0.09196407,0.1079156806540629,0.09266077,1.1646318,1.9668889,1.8840164474417505,0.14990199,0.5649196199528244,0.13467363,0.101971835,-0.027992276,-0.12765539,-0.019412868,-0.07490155,-0.015729442,-0.3222312,0.20280008,-0.10045032,0.12422679,257,0,255,2,1.36613,302.32446,0.028221477,0.009457809,95,False,,1.656543,0.03034606,-0.22129294,-0.065844566,-0.21328646,0.06450151,0.17215107,29,23,0.21340445,34,10,0,0.015140798,37.871006,0,0,1.0604727,0.12739575,0.083668195,0.105760425,0.11790806,-61.15366,-15.743701,50.297432,7.412207,False,269,1490.320981177478,2.0429952,729.47845,17.754168,30,981.1856727161596,28.763313,34.1124,17.859163,31,502.31684148674,21.925882,22.909767,17.995451,0.9954248,0.0,1.0,0.0,3.0,0.0,-0.13628769,0.10499573,-0.24128342,,,,,,,,,,,,,,,,,,,,,,,NOT_AVAILABLE,279.4897509541537,-31.65511593800919,305.4391891835217,-86.7559205469785,False,False,0,False,False,False,False,False,True,True,False,1.0231187e-09,7.519387e-09,4.9933235e-05,9359.942,9327.796,9393.706,4.5117,4.5086,4.514,-0.7863,-0.7942,-0.7738,11420.732,11365.8545,11483.3,0.003,0.0006,0.0084,0.0029,0.0006,0.008,0.0015,0.0003,0.0042,PHOENIX,0.026816670940367,IN,2,3
539,2305,1636148068921376768,Gaia DR3 4657679586261963136,4657679586261963136,1683450445,2016.0,84.71992566486003,0.12350416,-69.11766309341655,0.1359242,-0.1467417666596843,0.12131706,-1.2095724,1.9715679,1.869839517759048,0.19221431,0.6251239892797341,0.19279584,0.25931245,-0.01668331,-0.10796394,-0.106261864,0.026157,-0.040561732,-0.49745756,0.27058786,-0.031700827,0.16815881,241,0,241,0,2.3410006,300.9069,0.4619678,1.6982446,95,False,,1.4293411,0.038161278,-0.15267788,-0.082136795,-0.16267654,0.0040124543,0.17335445,27,20,0.29387733,32,9,0,0.020843828,52.2536,2,0,1.1084347,0.17330067,0.17493112,0.027919212,0.29310855,-90.52736,-39.16851,-4.6126213,4.484,False,239,1132.9586687482774,1.8427124,614.8321,18.051832,27,345.6465432871187,27.481054,12.57763,18.991962,28,855.4479320913592,25.752146,33.21851,17.417412,1.0601397,0.0,16.0,0.0,17.0,0.0,1.5745506,0.94013023,0.6344204,,,,,,,,,,,,,,,,,,,,,,,NOT_AVAILABLE,279.482632127747,-31.65465767115173,305.4921644096805,-86.76120805647403,False,False,0,False,False,False,False,False,False,True,False,4.4283644e-13,8.3365075e-09,0.9999985,,,,,,,,,,,,,,,,,,,,,,,0.02275648025142,IN,2,3
536,2339,1636148068921376768,Gaia DR3 4657685500468556800,4657685500468556800,34866128,2016.0,84.72288797291807,0.11413972,-69.09177251505113,0.11786152,0.2680983194695577,0.11345403,2.363057,2.1987128,2.0691701947711145,0.15655497,0.7435539039252909,0.17288116,-0.02114879,-0.13966766,-0.30122587,0.006888036,0.10378137,0.032630164,-0.49263868,0.21912342,-0.20434135,-0.08995977,275,0,275,0,1.063789,318.86,0.3740039,1.2185339,95,False,,1.6372648,0.034974523,-0.15811902,-0.11833988,-0.2925747,0.013034862,0.19865191,31,25,0.25124574,36,14,0,0.012908906,176.46974,0,0,1.0449543,0.11060262,0.0793069,0.034198917,0.07205792,-70.198975,24.24241,42.131645,-7.8591337,False,279,1426.626709862702,4.9813046,286.3962,17.801592,16,4399.311348093502,197.6386,22.259373,16.23008,15,3530.7704783232043,95.84633,36.837826,15.8782215,5.5586243,0.0,13.0,0.0,13.0,0.0,0.35185814,-1.5715122,1.9233704,,,,,,,,,,,,,,,,,,,,,,,NOT_AVAILABLE,279.4522708207234,-31.656534141468104,305.7766087208564,-86.78157478878231,False,False,0,False,False,False,False,False,False,True,False,1.5217933e-07,0.17071141,0.8292884,,,,,,,,,,,,,,,,,,,,,,,0.0188734236390474,IN,2,3
528,2389,1636148068921376768,Gaia DR3 4657679586309008000,4657679586309008000,134744811,2016.0,84.72854241123044,0.09659641,-69.11578486067846,0.11099972,0.0423141464731441,0.10277994,0.41169655,1.6002153,1.397010163466418,0.15027303,0.7804175946862341,0.15583336,0.08382751,-0.14849457,-0.23009247,-0.04917573,0.17465144,0.025274182,-0.528138,0.35283232,-0.20230433,-0.007930223,263,0,262,1,-0.308658,271.6709,0.24139553,0.6571337,95,False,,1.6943048,0.030499818,-0.15088382,-0.076943055,-0.14695433,0.027291026,0.19249268,30,24,0.22567885,35,11,1,0.026697265,40.72575,0,0,0.9850943,0.1698516,0.057091244,0.0722881,0.17297448,-66.82859,-41.59525,-26.577993,3.0166647,False,287,1374.8821973867446,2.2735567,604.7275,17.841703,28,975.7716942419416,25.107033,38.864475,17.865171,27,610.0460581988075,19.661621,31.027252,17.784489,1.1534208,0.0,17.0,0.0,16.0,0.0,0.080682755,0.023468018,0.057214737,,,,,,,,,,,,,,,,,,,,,,,NOT_AVAILABLE,279.48003170031427,-31.65181824523765,305.4722664015787,-86.7646285598187,False,False,0,False,False,False,False,False,True,True,False,7.460447e-08,1.95817e-12,0.9999978,8485.968,8458.123,8519.688,4.4274,4.4169,4.4386,-1.9956,-2.0786,-1.8912,9367.057,9335.705,9411.003,0.0033,0.0007,0.0083,0.003,0.0007,0.0077,0.0016,0.0003,0.0041,PHOENIX,0.023724757896215,IN,2,3
524,2404,1636148068921376768,Gaia DR3 4657685633624767872,4657685633624767872,108442190,2016.0,84.73021799881252,0.1068651,-69.0765117510129,0.110042915,0.0209911498552789,0.10627521,0.1975169,1.8244529,1.636546154213476,0.14555329,0.8064395685339757,0.15802471,-0.065130435,-0.1832688,-0.34724447,0.045000087,0.18769595,0.050851725,-0.52388704,0.24424584,-0.29054263,-0.0834106,269,0,269,0,-0.45889553,270.19785,0.0,1.2392454e-15,95,False,,1.6465688,0.032122694,-0.1761167,-0.07074829,-0.262322,0.02145964,0.15241629,31,25,0.2322543,37,14,0,0.018477954,32.581284,5,0,0.9787994,0.14850508,0.09023405,0.047534753,0.060187254,-52.533707,27.002104,-20.534534,-12.854803,False,292,1315.6693197077414,2.4836195,529.7387,17.8895,27,492.1266115975364,53.28798,9.235228,18.60835,25,417.2080618061081,28.647335,14.563591,18.197014,0.69115746,0.0,1.0,0.0,1.0,0.0,0.4113369,0.7188511,-0.3075142,,,,,,,,,,,,,,,,,,,,,,,NOT_AVAILABLE,279.4341103148429,-31.655654205688457,305.9189550094489,-86.79484635879992,False,False,0,False,False,False,False,False,False,True,False,0.0002603229,5.837618e-10,0.99973816,,,,,,,,,,,,,,,,,,,,,,,0.0310201718917954,IN,2,3
520,2432,1636148068921376768,Gaia DR3 4657679586309009024,4657679586309009024,1091522196,2016.0,84.73275427788569,0.12762678,-69.1190381060572,0.15339342,0.0391731394874375,0.13826647,0.28331625,1.7338055,1.554793531876899,0.1920324,0.7672671446190441,0.19878323,0.25196838,-0.020498272,-0.20164752,-0.15644185,0.23662424,-0.008196497,-0.4808809,0.36146164,-0.11278897,0.09186628,244,0,242,2,1.0203352,273.26593,0.34200084,0.7686737,95,False,,1.6520742,0.04048113,-0.13164005,-0.09110384,-0.16341406,-0.033620764,0.20294413,28,23,0.2939309,33,9,0,0.046659432,59.798035,1,0,1.0458964,0.18440908,0.14526603,0.08335717,0.23529087,-60.719913,-47.43827,-17.406008,3.3713472,False,250,988.7917318471586,1.9732594,501.09564,18.199604,32,774.8291455614043,20.425306,37.93476,18.115528,31,781.0532218911869,20.661121,37.80304,17.516193,1.5735188,0.0,1.0,0.0,0.0,0.0,0.5993347,-0.08407593,0.68341064,,,,,,,,,,,,,,,,,,,,,,,NOT_AVAILABLE,279.48362959573205,-31.64995889364586,305.41469696261555,-86.76311989476005,False,False,0,False,False,False,False,False,False,True,False,3.8552043e-06,1.1548033e-06,0.99999475,,,,,,,,,,,,,,,,,,,,,,,0.0269783248739577,IN,2,3
517,2450,1636148068921376768,Gaia DR3 4657679590592246144,4657679590592246144,1253275698,2016.0,84.73668822158928,0.07377939,-69.12498937988438,0.07754834,0.1809333619687923,0.076424375,2.3674822,2.089354,1.9550172524564289,0.11539022,0.7370941168705433,0.11360362,0.07755349,-0.1255225,-0.13722703,-0.010031852,0.10789758,0.018138373,-0.40110496,0.25502208,-0.20290364,0.024899516,286,0,285,1,-0.4254516,297.27252,0.12823945,0.27495813,95,False,,1.6686045,0.023293613,-0.13907528,-0.10925909,-0.19452769,-0.016739288,0.19472112,33,26,0.16214749,38,12,0,0.012713638,53.63206,2,0,0.98085606,0.124992974,0.052221447,0.023098314,0.12327563,-59.267326,-21.893244,59.280666,4.0757985,False,311,1969.5676361255323,3.280287,600.4254,17.451439,36,2024.1268036032443,24.674562,82.032936,17.072948,35,1718.5877914575751,29.70185,57.8613,16.659966,1.9002721,0.0,28.0,0.0,28.0,0.0,0.41298294,-0.37849045,0.7914734,,,,,,,,,,,,,,,,,,,,,,,NOT_AVAILABLE,279.4903897311495,-31.647893487525483,305.3276950187942,-86.75948347698127,False,False,0,True,False,False,False,False,False,True,False,4.761475e-05,0.00017802621,0.9997742,,,,,,,,,,,,,,,,,,,,,,,0.0321970079161657,IN,2,3
515,2458,1636148068921376768,Gaia DR3 4657685599216260480,4657685599216260480,1604845493,2016.0,84.73802964243242,0.119037904,-69.08989157196983,0.12315018,0.0441445296725374,0.114042774,0.38708746,1.7771266,1.7012049160045626,0.17318627,0.5138875543948863,0.1717493,-0.035409603,-0.11020736,-0.4148892,0.011645032,0.11187355,0.029054154,-0.5203175,0.20723233,-0.23876406,-0.053703975,264,0,263,1,-1.2127439,269.38165,0.13795342,0.16157454,95,False,,1.2433921,0.03571571,-0.25223434,-0.0193882,-0.27186787,0.06542226,0.13315752,30,24,0.2544709,35,14,0,0.013309829,27.096022,5,0,0.94571453,0.14432271,0.07053652,0.03925428,0.009184886,-59.44531,34.32676,-50.046307,-9.355429,False,278,1140.256479155962,1.885617,604.71265,18.04486,0,,,,,14,335.47030094452083,43.131996,7.7777596,18.43376,,,,0.0,0.0,2.0,,,-0.38889885,,,,,,,,,,,,,,,,,,,,,,,NOT_AVAILABLE,279.449359623509,-31.651376742396543,305.725340241002,-86.78652126565999,False,False,0,False,False,False,False,False,False,False,False,,,,,,,,,,,,,,,,,,,,,,,,,,0.024529919082349,IN,2,3
510,2485,1636148068921376768,Gaia DR3 4657685466108833536,4657685466108833536,1381191701,2016.0,84.74186855054477,0.10686241,-69.10825852202282,0.11826842,0.1209514178711985,0.11248506,1.0752665,1.8577669,1.6670172236144765,0.16608189,0.8199703117693589,0.18695162,0.15373895,-0.15193383,-0.25281805,-0.14404988,0.010537797,-0.116836786,-0.4483549,0.34967828,-0.017023383,0.13667677,273,0,272,1,2.4635458,360.5912,0.49345523,2.4811707,95,False,,1.6834404,0.033863533,-0.11944823,-0.052583657,-0.20463791,-0.014571637,0.1372782,31,24,0.27271986,36,11,0,0.015232675,44.217083,0,0,1.1073909,0.10127957,0.055008132,0.09145641,0.10288256,-47.703007,-58.128136,53.38977,-1.3202354,False,289,1411.1770517299724,3.6286566,388.89795,17.813414,35,2478.0469965564703,53.199528,46.580246,16.853268,34,1874.3535705437707,28.69015,65.33091,16.565767,3.0842342,0.0,0.0,0.0,0.0,0.0,0.28750038,-0.96014595,1.2476463,,,,,,,,,,,,,,,,,,,,,,,NOT_AVAILABLE,279.4706169110888,-31.64794678883811,305.49450923340873,-86.77344044410194,False,False,0,False,False,False,False,False,False,True,False,8.608883e-05,0.13079321,0.8691206,,,,,,,,,,,,,,,,,,,,,,,0.0243861328980271,IN,2,3
508,2500,1636148068921376768,Gaia DR3 4657679586285164160,4657679586285164160,576033431,2016.0,84.74383128174792,0.06843986,-69.12216455537214,0.071552984,-0.0913893247757844,0.07049878,-1.2963248,1.8837248,1.7799221262543194,0.103461914,0.6166818657843293,0.104047045,0.0786287,-0.09995474,-0.18918829,-0.031951394,0.111531794,0.021263337,-0.4179782,0.29705817,-0.17464717,-0.021867465,286,0,286,0,0.297786,313.94122,0.0,0.0,95,False,,1.6514535,0.021568228,-0.14235367,-0.118973754,-0.20260808,-0.017637162,0.20671266,33,26,0.14882842,38,12,0,0.023106428,20.30085,1,0,1.0114149,0.11748222,0.035273407,0.035529323,0.11620922,-55.5355,-27.380108,-55.401787,2.4463356,False,309,2125.5918254380726,2.7910473,761.57495,17.368668,35,1469.8503383682073,17.43243,84.31701,17.420359,34,1287.4641672144742,14.926389,86.25423,16.973558,1.2971985,0.0,14.0,0.0,14.0,0.0,0.44680023,0.051691055,0.39510918,,,,,,,,,,,,,,,,,,,,,,,NOT_AVAILABLE,279.48675508715075,-31.645683261592872,305.3255544671963,-86.76328404929525,True,False,0,True,False,False,False,False,True,True,False,0.6577271,4.410005e-08,0.00014209701,6981.7124,6969.9785,6994.222,4.3915,4.3831,4.3964,-4.076,-4.1345,-3.9011,4627.322,4596.865,4665.573,0.0011,0.0002,0.0027,0.0009,0.0002,0.0024,0.0005,0.0001,0.0013,MARCS,0.0320052509308151,IN,2,3
506,2519,1636148068921376768,Gaia DR3 4657685496184010368,4657685496184010368,893355993,2016.0,84.74605091718873,0.109059006,-69.1038877828569,0.12457205,0.0442922851024968,0.11598826,0.3818687,1.747534,1.6705466085385892,0.16972166,0.512980658697245,0.18211663,0.15687029,-0.18176651,-0.2697041,-0.16425827,0.034727465,-0.13556214,-0.45871478,0.35512638,-0.027778834,0.15551361,274,0,269,5,4.917663,410.6403,0.62000096,4.028842,95,False,,1.590901,0.03334511,-0.12335423,-0.055306043,-0.16920312,0.021916669,0.15878496,31,25,0.27190587,36,12,0,0.018071966,148.88704,0,0,1.2205548,0.14480312,0.048240986,0.040353663,0.091174506,-29.59633,-66.11885,47.871635,0.33618143,False,281,1410.1166309309865,2.5023522,563.5164,17.81423,33,599.9458603488382,42.40221,14.148929,18.393263,34,581.2656580301633,26.438324,21.985723,17.836958,0.8376694,0.0,0.0,0.0,0.0,0.0,0.55630493,0.5790329,-0.022727966,,,,,,,,,,,,,,,,,,,,,,,NOT_AVAILABLE,279.46531795912205,-31.646957109590005,305.524649001393,-86.77773628888964,True,False,0,False,False,False,False,False,False,True,False,0.06385098,1.5667728e-08,2.5599625e-06,,,,,,,,,,,,,,,,,,,,,,,0.0249308239294479,IN,2,3
