,Unnamed: 0,RA,DEC,_r,recno,ID,F555W,e_F555W,F814W,e_F814W,RAJ2000,DEJ2000,MPG,d,in_field,Weight,mask
397,61,14.6872625,-72.19388611,0.029726,7256,7730,21.658,0.021,21.096,0.015,00 58 44.943,-72 11 37.99,,1.2441489,IN,1,4
197,287,14.68950833,-72.17878889,0.024159,10274,10957,22.037,0.014,21.736,0.014,00 58 45.482,-72 10 43.64,,1.1801975,IN,1,4
484,647,14.69264583,-72.197575,0.030644,8171,8703,21.771,0.017,21.56,0.017,00 58 46.235,-72 11 51.27,,0.9807398,IN,1,4
218,890,14.6948375,-72.19755833,0.03013,885,987,18.851,0.022,17.693,0.019,00 58 46.761,-72 11 51.21,,0.5218973,IN,1,4
587,1088,14.69647917,-72.19418611,0.027598,3746,4027,20.734,0.016,20.582,0.013,00 58 47.155,-72 11 39.07,,0.46420604,IN,1,4
263,1300,14.69825833,-72.18260833,0.022045,3007,3241,20.387,0.015,20.215,0.014,00 58 47.582,-72 10 57.39,,0.32691184,IN,1,4
224,1570,14.70037917,-72.18631389,0.022585,2975,3208,20.373,0.016,20.261,0.016,00 58 48.091,-72 11 10.73,,0.2669857,IN,1,4
184,1864,14.70262083,-72.17410556,0.020399,10246,10926,22.033,0.034,21.452,0.047,00 58 48.629,-72 10 26.78,,1.428849,IN,1,4
268,2461,14.70681667,-72.16608333,0.022024,8856,9431,21.855,0.02,21.341,0.021,00 58 49.636,-72 09 57.90,,1.2893165,IN,1,4
316,2868,14.70956667,-72.17392778,0.01834,196,200,16.908,0.011,15.1,0.005,00 58 50.296,-72 10 26.14,,0.23434085,IN,1,4
240,3188,14.71179167,-72.20040556,0.028702,3957,4246,20.814,0.019,20.596,0.018,00 58 50.830,-72 12 01.46,,0.5590153,IN,1,4
814,3489,14.7139,-72.19360833,0.023169,9363,9965,21.922,0.022,21.299,0.029,00 58 51.336,-72 11 36.99,,1.416774,IN,1,4
195,3797,14.71605417,-72.16802778,0.018598,10876,11615,22.11,0.021,21.722,0.022,00 58 51.853,-72 10 04.90,,1.2906591,IN,1,4
449,4055,14.7178,-72.17620556,0.015521,7610,8111,21.707,0.023,21.128,0.017,00 58 52.272,-72 10 34.34,,1.2812676,IN,1,4
165,4349,14.7199,-72.15485833,0.027068,10108,10775,22.017,0.046,21.421,0.031,00 58 52.776,-72 09 17.49,,1.4351091,IN,1,4
207,4608,14.72171667,-72.19052222,0.019313,9805,10447,21.98,0.024,21.443,0.029,00 58 53.212,-72 11 25.88,,1.3657889,IN,1,4
641,4983,14.7244,-72.16148056,0.020919,12870,13785,22.345,0.03,21.835,0.021,00 58 53.856,-72 09 41.33,,1.5048736,IN,1,4
375,5427,14.72726667,-72.16774167,0.015915,589,637,18.356,0.017,18.332,0.017,00 58 54.544,-72 10 03.87,294.0,-0.7137523,IN,1,4
691,5749,14.72929583,-72.15738333,0.023401,9091,9681,21.886,0.035,21.317,0.038,00 58 55.031,-72 09 26.58,,1.352374,IN,1,4
353,6067,14.73125833,-72.15908889,0.02163,6789,7232,21.581,0.043,20.707,0.044,00 58 55.502,-72 09 32.72,,1.4887725,IN,1,4
536,6467,14.73364583,-72.18514167,0.013079,5827,6219,21.376,0.016,21.064,0.013,00 58 56.075,-72 11 06.51,,0.8944272,IN,1,4
282,6856,14.7358375,-72.15948056,0.020584,1429,1591,19.407,0.026,18.463,0.016,00 58 56.601,-72 09 34.13,,0.5791416,IN,1,4
428,7211,14.7377625,-72.17783333,0.009363,2103,2290,19.779,0.012,19.364,0.013,00 58 57.063,-72 10 40.20,,0.2723519,IN,1,4
178,7660,14.7400875,-72.16476111,0.015397,385,394,17.754,0.016,17.986,0.023,00 58 57.621,-72 09 53.14,325.0,-1.2119492,IN,1,4
438,8057,14.741975,-72.18363056,0.010131,12779,13682,22.336,0.015,21.791,0.014,00 58 58.074,-72 11 01.07,,1.532154,IN,1,4
251,8529,14.74435417,-72.15413056,0.024496,1672,1846,19.529,0.029,18.514,0.024,00 58 58.645,-72 09 14.87,,0.6972051,IN,1,4
414,8965,14.74634167,-72.19188611,0.015882,6447,6874,21.517,0.02,21.133,0.026,00 58 59.122,-72 11 30.79,,1.0218838,IN,1,4
183,9324,14.74803333,-72.18083056,0.007049,7403,7882,21.678,0.014,21.0,0.014,00 58 59.528,-72 10 50.99,,1.3568454,IN,1,4
288,9808,14.75005,-72.17565833,0.005891,3131,3375,20.448,0.01,20.445,0.017,00 59 00.012,-72 10 32.37,,0.20303518,IN,1,4
175,10228,14.75175417,-72.16187778,0.016426,8573,9131,21.822,0.012,21.275,0.014,00 59 00.421,-72 09 42.76,,1.3040758,IN,1,4
349,10806,14.75400833,-72.15350556,0.024392,13421,14399,22.405,0.036,21.958,0.043,00 59 00.962,-72 09 12.62,,1.4753584,IN,1,4
230,11393,14.7562875,-72.17764444,0.00369,4737,5069,21.076,0.011,20.0,0.012,00 59 01.509,-72 10 39.52,,1.4436058,IN,1,4
209,12041,14.75858333,-72.15268889,0.02499,2672,2886,20.184,0.021,19.216,0.018,00 59 02.060,-72 09 09.68,,0.9480932,IN,1,4
354,12554,14.760325,-72.158075,0.019579,7790,8301,21.73,0.041,21.156,0.03,00 59 02.478,-72 09 29.07,,1.2870799,IN,1,4
190,13200,14.76247917,-72.15805,0.019532,1519,1686,19.46,0.027,18.348,0.019,00 59 02.995,-72 09 28.98,,0.75310683,IN,1,4
520,13952,14.76500417,-72.15516944,0.022354,6332,6753,21.49,0.015,21.068,0.016,00 59 03.601,-72 09 18.61,,1.0437955,IN,1,4
270,14567,14.766875,-72.18010833,0.002646,3741,4022,20.732,0.02,20.556,0.014,00 59 04.050,-72 10 48.39,,0.48478022,IN,1,4
247,15202,14.7689,-72.161225,0.016276,1589,1760,19.496,0.016,18.487,0.015,00 59 04.536,-72 09 40.41,,0.6770822,IN,1,4
181,15865,14.77090417,-72.18325833,0.005812,1444,1607,19.416,0.015,19.433,0.012,00 59 05.017,-72 10 59.73,,-0.276378,IN,1,4
138,16814,14.77372083,-72.17643889,0.001961,234,240,17.176,0.0,17.297,0.016,00 59 05.693,-72 10 35.18,,-1.3711568,IN,1,4
180,17371,14.77537083,-72.17324722,0.004767,3183,3428,20.472,0.017,20.364,0.011,00 59 06.089,-72 10 23.69,,0.3076828,IN,1,4
765,17871,14.77704167,-72.16901944,0.00889,1570,1741,19.489,0.011,18.447,0.013,00 59 06.490,-72 10 08.47,,0.70346695,IN,1,4
202,18380,14.77880417,-72.196125,0.018898,7539,8033,21.698,0.015,21.506,0.017,00 59 06.913,-72 11 46.05,,0.93109816,IN,1,4
214,19046,14.78100833,-72.18991389,0.013006,883,984,18.847,0.014,18.823,0.018,00 59 07.442,-72 11 23.69,496.0,-0.4941708,IN,1,4
475,19556,14.78265833,-72.17568889,0.004744,808,902,18.75,0.011,18.573,0.009,00 59 07.838,-72 10 32.48,504.0,-0.40070334,IN,1,4
135,20183,14.7849125,-72.18155556,0.006495,11141,11894,22.142,0.014,21.747,0.011,00 59 08.379,-72 10 53.60,,1.3112308,IN,1,4
249,20617,14.78653333,-72.15373889,0.024406,11434,12211,22.177,0.016,21.666,0.014,00 59 08.768,-72 09 13.46,,1.430636,IN,1,4
892,21102,14.7883375,-72.16019167,0.01836,3238,3488,20.505,0.016,19.469,0.018,00 59 09.201,-72 09 36.69,,1.1524684,IN,1,4
589,21489,14.79002917,-72.17066111,0.009533,4826,5163,21.103,0.011,20.766,0.01,00 59 09.607,-72 10 14.38,,0.7946987,IN,1,4
355,22025,14.79243333,-72.17436389,0.008016,13348,14318,22.399,0.015,21.891,0.014,00 59 10.184,-72 10 27.71,,1.527234,IN,1,4
150,22765,14.79572083,-72.18349167,0.010303,7542,8036,21.698,0.012,21.032,0.018,00 59 10.973,-72 11 00.57,,1.3550575,IN,1,4
457,23207,14.79769583,-72.16664444,0.014095,1969,2149,19.675,0.013,19.557,0.017,00 59 11.447,-72 09 59.92,,-0.039802324,IN,1,4
186,23615,14.79950833,-72.17435556,0.010047,4390,4703,20.966,0.014,20.49,0.02,00 59 11.882,-72 10 27.68,,0.85775536,IN,1,4
274,24265,14.802525,-72.18212222,0.011439,6046,6449,21.43,0.017,21.327,0.016,00 59 12.606,-72 10 55.64,,0.7316421,IN,1,4
271,24581,14.804125,-72.19766944,0.02295,8414,8966,21.801,0.018,21.401,0.015,00 59 12.990,-72 11 51.61,,1.1632042,IN,1,4
342,25024,14.80642083,-72.19522222,0.021209,14420,15493,22.502,0.017,22.022,0.019,00 59 13.541,-72 11 42.80,,1.5482551,IN,1,4
296,25474,14.80885,-72.15788333,0.023211,159,162,16.663,0.01,16.967,0.013,00 59 14.124,-72 09 28.38,635.0,-1.7642566,IN,1,4
431,25795,14.81054167,-72.15249722,0.028147,10507,11214,22.067,0.017,21.709,0.016,00 59 14.530,-72 09 08.99,,1.2445949,IN,1,4
532,26194,14.81292083,-72.16531389,0.018299,8941,9520,21.866,0.01,21.346,0.011,00 59 15.101,-72 09 55.13,,1.2996011,IN,1,4
293,26519,14.81465,-72.20236111,0.028614,3174,3419,20.469,0.04,19.751,0.034,00 59 15.516,-72 12 08.50,,0.8519422,IN,1,4
210,26954,14.81714167,-72.19795278,0.025323,8876,9451,21.858,0.031,21.43,0.042,00 59 16.114,-72 11 52.63,,1.2137371,IN,1,4
728,27451,14.82010833,-72.18729167,0.018624,4761,5094,21.083,0.02,20.912,0.022,00 59 16.826,-72 11 14.25,,0.63727903,IN,1,4
203,27852,14.82255417,-72.16461111,0.021017,3926,4214,20.805,0.018,19.831,0.014,00 59 17.413,-72 09 52.60,,1.23118,IN,1,4
482,28162,14.82465,-72.17621389,0.017285,11215,11975,22.152,0.017,21.573,0.022,00 59 17.916,-72 10 34.37,,1.4802775,IN,1,4
329,28436,14.82629583,-72.17235278,0.018475,7050,7508,21.628,0.015,20.956,0.014,00 59 18.311,-72 10 20.47,,1.3291197,IN,1,4
187,28774,14.82850417,-72.17423611,0.018705,6677,7115,21.559,0.024,21.323,0.018,00 59 18.841,-72 10 27.25,,0.90829086,IN,1,4
625,29016,14.83004167,-72.15753889,0.027487,511,535,18.16,0.02,17.29,0.015,00 59 19.210,-72 09 27.14,,-0.044722382,IN,1,4
295,29276,14.83175833,-72.16559722,0.022776,2700,2920,20.205,0.021,20.157,0.016,00 59 19.622,-72 09 56.15,,0.13461156,IN,1,4
182,29531,14.83357083,-72.17610833,0.020016,11407,12183,22.174,0.016,21.73,0.035,00 59 20.057,-72 10 33.99,,1.3693681,IN,1,4
116,29751,14.83528333,-72.18095278,0.020778,12062,12897,22.254,0.019,21.867,0.034,00 59 20.468,-72 10 51.43,,1.3541619,IN,1,4
264,30090,14.8377,-72.18753889,0.02348,5702,6090,21.352,0.02,21.0,0.02,00 59 21.048,-72 11 15.14,,0.9194702,IN,1,4
215,30391,14.83973333,-72.17330556,0.022255,3109,3351,20.435,0.017,20.311,0.018,00 59 21.536,-72 10 23.90,,0.30544543,IN,1,4
256,30732,14.84212917,-72.15888056,0.029281,8495,9050,21.812,0.013,21.533,0.013,00 59 22.111,-72 09 31.97,,1.0598958,IN,1,4
673,30982,14.84416667,-72.16010556,0.029014,11040,11788,22.131,0.015,21.7,0.02,00 59 22.600,-72 09 36.38,,1.3385103,IN,1,4
345,31404,14.84749167,-72.18503056,0.025367,9071,9658,21.883,0.031,21.264,0.026,00 59 23.398,-72 11 06.11,,1.3957529,IN,1,4
371,31675,14.84958333,-72.17050278,0.025838,8469,9022,21.809,0.025,21.472,0.019,00 59 23.900,-72 10 13.81,,1.1104312,IN,1,4
